ratio_pitch,ratio_top_diameter,ratio_a,ratio_b,amplitude_rel,n_undulations,_imperfection_rad,status,converged,riks_converged,stabilization_energy_ratio,sigma_peak,sigma_eig,energy_absorbed,lb_coilable,riks_strain,max_local_strain,feasible,slenderness,local_slenderness,ring_passthrough,mcs_at_peak,mls_full,strain_bound_applied,timed_out,total_material_volume_mm3,serpentine_out_of_plane_fraction,serpentine_apex_u1_range_mm,serpentine_apex_u2_range_mm,self_clearance_min_mm,_delegation_id,_source,_ts,_wall_ms,riks_odb_hash,note
0.75,0.04444,0.008,0.03,0.03,1.0,,ok,0,0.0,0.0,0.3699194836307234,0.4591726211496575,0.104371520444952,1,0.3338235727945963,0.0109314350411295,0,12.5,63.32573977646112,0.0,0.0470632775624593,0.0109314350411295,per_frame,0,2160.0000000000005,0.2690645344891451,8.482497215270996,23.043386459350582,60.18167868692118,D005,supercompressible-material,2026-08-26T02:57:40+00:00,101625.492,7a4fb7b54fb14cdea29156553498bd3d,SALVAGED from a partial (non-converged) ODB: stage2 failed: RuntimeError('Abaqus job SUPERCOMPRESSIBLE_RIKS completed with solver errors in its .msg file: ***ERROR: TOO MANY ATTEMPTS MADE FOR THIS INCREMENT; ***ERROR: THE ANALYSIS HAS BEEN TERMINATED DUE TO PREVIOUS ERRORS. ALL OUTPUT')
1.1982583753298968,0.0514233514666557,0.0048538000341504,0.0323608774039894,0.012965829912573,3.0,,ok,0,,,,0.0870047022235694,,0,0.0,1.0,0,18.513997015145453,38.52459513066473,,,,,0,2258.571729716571,,,,,D005,supercompressible-material,2026-08-26T02:59:10+00:00,11794.108,,not coilable (Stage 2 not run)
1.0729976471047848,0.5588196029886603,0.0091661990350112,0.0277592556085437,0.0197961826901882,2.0,,ok,0,,,,0.782278376285284,,0,0.0,1.0,0,19.32684475109875,53.06993229576784,,,,,0,3276.250610505496,,,,,D005,supercompressible-material,2026-08-26T02:59:11+00:00,12856.931,,not coilable (Stage 2 not run)
1.1926258821506053,0.4905359214171767,0.0175386749645695,0.0275365005154162,0.0147285718936473,1.0,,ok,0,,,,4.695283027801701,,0,0.0,1.0,0,21.6553639683248,355.3360978787148,,,,,0,6911.797450858134,,,,,D005,supercompressible-material,2026-08-26T02:59:11+00:00,12848.303,,not coilable (Stage 2 not run)
1.027525191055611,0.3014514287933707,0.0063526072362437,0.0362831498123705,0.0296447967085987,2.0,,ok,0,,,,0.359011110297158,,0,0.0,1.0,0,14.15981242490256,24.86404371614373,,,,,0,2842.0434348613458,,,,,D005,supercompressible-material,2026-08-26T02:59:25+00:00,23675.541,,not coilable (Stage 2 not run)
1.1212135614827274,0.1855711698532104,0.0069209826532751,0.0469322367943823,0.0409302997868508,2.0,,ok,0,,,,0.4653266122825441,,0,0.0,1.0,0,11.945025829420237,16.576802706763953,,,,,0,4370.273351762432,,,,,D005,supercompressible-material,2026-08-26T03:00:13+00:00,14501.207,,not coilable (Stage 2 not run)
0.4850142720621079,0.0250374773517251,0.0177718488192185,0.0238697713520377,0.0334698069375008,1.0,,ok,1,1.0,0.0,2.313373860254281,2.701602107337226,0.3868371283144848,1,0.1788658126594657,0.019934007897973,0,10.159591914580735,29.833748561321848,0.0,0.1173281112055698,0.0455730631947517,per_frame,0,2468.97466491128,0.2500824426383353,6.110861301422119,18.324525833129883,46.92872087375101,D005,supercompressible-material,2026-08-26T03:00:16+00:00,78009.929,845ce607b9404d77ba5876499f06f7ca,
0.5378430154174566,0.4498444827273488,0.0063275012075901,0.0166338696796447,0.0677553045377135,1.0,,ok,0,0.0,0.0,494.5465065624216,0.2088070412047509,0.0503450933463561,1,0.4148486615084628,0.0139120183885097,0,16.167104401317662,26.00606984529429,0.0,0.4148486615084628,0.0139120183885097,per_frame,0,679.3010885179483,0.3187793313948195,6.161112785339356,13.16609001159668,44.354760946794045,D005,supercompressible-material,2026-08-26T03:00:29+00:00,90467.875,2ff65ab8578d44d6ac1c84918cfad106,SALVAGED from a partial (non-converged) ODB: stage2 failed: RuntimeError('Abaqus job SUPERCOMPRESSIBLE_RIKS completed with solver errors in its .msg file: ***ERROR: TOO MANY ATTEMPTS MADE FOR THIS INCREMENT; ***ERROR: THE ANALYSIS HAS BEEN TERMINATED DUE TO PREVIOUS ERRORS. ALL OUTPUT')
0.8732972642406821,0.1610011920332908,0.0101672424627468,0.0327964682457968,0.0255990258231759,3.0,,ok,0,0.0,0.0,1.538418937541636,1.1105619722361668,0.0977953852738879,1,0.1116274970733915,0.0082868468016386,0,13.313891875424762,10.226603726716238,0.0,0.1116274970733915,0.0082868468016386,per_frame,0,3494.4079484512927,0.0834472906149391,0.5022594332695007,5.516623020172119,63.59419463805755,D005,supercompressible-material,2026-08-26T03:00:34+00:00,92136.35,0878e242a9e04a2bbf2ab384c8754f2b,SALVAGED from a partial (non-converged) ODB: stage2 failed: RuntimeError('Abaqus job SUPERCOMPRESSIBLE_RIKS completed with solver errors in its .msg file: ***ERROR: TOO MANY ATTEMPTS MADE FOR THIS INCREMENT; ***ERROR: THE ANALYSIS HAS BEEN TERMINATED DUE TO PREVIOUS ERRORS. ALL OUTPUT')
0.633462789747864,0.0061048446223139,0.0076983280312269,0.0270729841385036,0.0363650678377598,2.0,,ok,0,0.0,0.0,8.730963910529828,0.3358805919011359,0.1070053183463979,1,0.5599312112703289,0.0137613145634531,0,11.699168191195852,10.324331733847936,0.0,0.5599312112703289,0.0137613145634531,per_frame,0,1584.2907869505154,0.1662617323085586,2.218480348587036,11.124820709228516,48.298468013264525,D005,supercompressible-material,2026-08-26T03:01:11+00:00,128826.642,d1918dd1693a4f4f8f5f618cbbd3686f,SALVAGED from a partial (non-converged) ODB: stage2 failed: RuntimeError('Abaqus job SUPERCOMPRESSIBLE_RIKS completed with solver errors in its .msg file: ***ERROR: TOO MANY ATTEMPTS MADE FOR THIS INCREMENT; ***ERROR: THE ANALYSIS HAS BEEN TERMINATED DUE TO PREVIOUS ERRORS. ALL OUTPUT')
1.0297678702976554,0.1858399389311671,0.0037524773115292,0.0201863448694348,0.0163584802765399,2.0,,ok,0,,,,0.0380393046385077,,0,0.0,1.0,0,25.506546057698618,81.34264583648772,,,,,0,936.0441793482968,,,,,D005,supercompressible-material,2026-08-26T03:01:11+00:00,10766.194,,not coilable (Stage 2 not run)
0.7894204510375857,0.4081826817244291,0.0056412613559514,0.0283435107627883,0.0327630885969847,2.0,,ok,0,0.0,0.0,0.208848626942045,0.2591933741217371,0.0112659738927113,1,0.056881677724125,0.0052813035435974,0,13.925946888590818,16.99881042017698,0.0,0.0322798070730441,0.0052813035435974,per_frame,0,1514.675089639122,0.0917353987395449,0.4696754217147827,4.650217533111572,45.29244085436865,D005,supercompressible-material,2026-08-26T03:01:13+00:00,131441.583,32d2e02262fc4e4ebeb091b2319476e6,SALVAGED from a partial (non-converged) ODB: stage2 failed: RuntimeError('Abaqus job SUPERCOMPRESSIBLE_RIKS completed with solver errors in its .msg file: ***ERROR: TOO MANY ATTEMPTS MADE FOR THIS INCREMENT; ***ERROR: THE ANALYSIS HAS BEEN TERMINATED DUE TO PREVIOUS ERRORS. ALL OUTPUT')
1.0807283552363516,0.1122531786561012,0.0048954532090574,0.0294785578828305,0.072736666528508,2.0,,ok,0,,,,0.1015281212971818,,0,0.0,1.0,0,18.330753484141965,13.797923362601365,,,,,0,1871.5305893881127,,,,,D005,supercompressible-material,2026-08-26T03:01:16+00:00,14434.166,,not coilable (Stage 2 not run)
0.7978259863331914,0.2247659772634506,0.0078370326692238,0.0170277986163273,0.0618580647651106,1.0,,ok,0,0.0,0.0,0.2196551599896625,0.2657548019089389,0.0374355897847892,1,0.1823921615549447,0.0091875698417425,0,23.427161793192244,61.22964987181216,0.0,0.0488717663112682,0.0091875698417425,per_frame,0,1277.6137767716632,0.2934357628118973,7.053489685058594,16.98410415649414,63.327505900088006,D005,supercompressible-material,2026-08-26T03:01:33+00:00,96155.26,386a09e8f149446f8ee92e60a599eb64,SALVAGED from a partial (non-converged) ODB: stage2 failed: RuntimeError('Abaqus job SUPERCOMPRESSIBLE_RIKS completed with solver errors in its .msg file: ***ERROR: TOO MANY ATTEMPTS MADE FOR THIS INCREMENT; ***ERROR: THE ANALYSIS HAS BEEN TERMINATED DUE TO PREVIOUS ERRORS. ALL OUTPUT')
0.8000682602636515,0.2167117752134799,0.0076979392012581,0.0308161614462733,0.0220777769014239,2.0,,ok,0,0.0,0.0,5.981052604960871,0.5172323443895809,0.0602938054965282,1,0.1548639958419082,0.0083833150565624,0,12.981309525823594,23.831998649087005,0.0,0.1548639958419082,0.0083833150565624,per_frame,0,2277.515310568467,0.1106785116550919,1.093387007713318,8.785558700561523,58.686733362977286,D005,supercompressible-material,2026-08-26T03:01:41+00:00,103366.971,81de417c6af24a7589d468bdc3b95689,SALVAGED from a partial (non-converged) ODB: stage2 failed: RuntimeError('Abaqus job SUPERCOMPRESSIBLE_RIKS completed with solver errors in its .msg file: ***ERROR: TOO MANY ATTEMPTS MADE FOR THIS INCREMENT; ***ERROR: THE ANALYSIS HAS BEEN TERMINATED DUE TO PREVIOUS ERRORS. ALL OUTPUT')
0.7345246106851846,0.4349161488935351,0.0161257381830364,0.0318040977604687,0.0217207862436771,2.0,,ok,1,1.0,0.0,4.612079833612566,5.609893434103127,0.8632187279668972,1,0.20153949215181,0.0191679913550615,0,11.54764106526818,19.78309995044598,0.0,0.0457305075547064,0.0474977269768714,per_frame,0,4520.539639098251,0.1491282308987936,2.5810465812683105,14.726518630981444,16.74831846015465,D005,supercompressible-material,2026-08-26T03:01:51+00:00,168753.794,3423a19e622244229403c140ca8babb1,
0.9933346922043712,0.5159051908180118,0.0035146013833582,0.0311315371701493,0.0488028676342219,2.0,,ok,0,,,,0.0561965493727943,,0,0.0,1.0,0,15.953833033931174,16.450744727915204,,,,,0,1304.2279119325397,,,,,D005,supercompressible-material,2026-08-26T03:02:15+00:00,11608.52,,not coilable (Stage 2 not run)
0.6721931147854775,0.325811125896871,0.0099201805274933,0.0177951651252806,0.045239039612934,1.0,,ok,1,1.0,0.0,0.4861630701242978,0.5987196752526314,0.1737935932655246,1,0.4172229117235339,0.0198973640799522,0,18.886959183945123,56.86865738977336,0.0,0.0586006699946838,0.0317360572516918,per_frame,0,1423.9570940454814,0.3164549510461594,10.602005004882812,22.900409698486328,21.2806844247917,D005,supercompressible-material,2026-08-26T03:02:16+00:00,194065.205,7cc2e4a6128c4274ad69b7789bda7974,
1.0537688121665267,0.0779679486528038,0.0042612957060337,0.034747712649405,0.012051493609324,3.0,,ok,0,,,,0.0836645704845475,,0,0.0,1.0,0,15.163139266154989,29.85254286793273,,,,,0,1872.3821005279951,,,,,D005,supercompressible-material,2026-08-26T03:02:16+00:00,12791.943,,not coilable (Stage 2 not run)
0.9298799433279782,0.3894232716411352,0.0162504048701375,0.0361670312657952,0.0159017748292535,2.0,,ok,0,0.0,0.0,5.326439179867832,6.337337627328483,1.0279628721724767,1,0.2120897433262283,0.0197806432843208,0,12.85535349161222,38.08338674487624,0.0,0.0351286163026455,0.0461818389594554,per_frame,0,6558.207806073391,0.1485680166499716,3.434309244155884,19.681764602661133,21.79132429205857,D005,supercompressible-material,2026-08-26T03:02:19+00:00,197180.93,23fc47899bbb4e868958dbbb2a147546,SALVAGED from a partial (non-converged) ODB: stage2 failed: RuntimeError('Abaqus job SUPERCOMPRESSIBLE_RIKS completed with solver errors in its .msg file: ***ERROR: TOO MANY ATTEMPTS MADE FOR THIS INCREMENT; ***ERROR: THE ANALYSIS HAS BEEN TERMINATED DUE TO PREVIOUS ERRORS. ALL OUTPUT')
1.0463818193413317,0.4810519499704241,0.0189366259677335,0.0189846229506656,0.0259526393748819,3.0,,ok,0,0.0,0.0,3.4799144766240264,3.5187672471482534,0.3918478314736481,1,0.1206932637236933,0.019273167476058,0,27.55866740310064,25.01811632774308,0.0,0.1206932637236933,0.0719164088368415,per_frame,0,4514.150234236981,0.0997342670062322,1.570711970329285,14.178257942199709,16.02920196961449,D005,supercompressible-material,2026-08-26T03:02:36+00:00,213787.105,745f5d4b38da4cd8811891a7758eb7d7,SALVAGED from a partial (non-converged) ODB: stage2 failed: RuntimeError('Abaqus job SUPERCOMPRESSIBLE_RIKS completed with solver errors in its .msg file: ***ERROR: TOO MANY ATTEMPTS MADE FOR THIS INCREMENT; ***ERROR: THE ANALYSIS HAS BEEN TERMINATED DUE TO PREVIOUS ERRORS. ALL OUTPUT')
1.0191054183989765,0.2137184618040919,0.0147339013367891,0.0180421034712344,0.0551837081834673,2.0,,ok,1,1.0,0.0,1.0996662038497544,1.2738337231893724,0.3118177441616985,1,0.2958212003251625,0.0198007207363843,0,28.242422509764296,26.42289719289676,0.0,0.0856213157736016,0.058067787438631,per_frame,0,3250.9125211592263,0.1976821247195493,4.635834217071533,18.81511878967285,6.271078335781056,D005,supercompressible-material,2026-08-26T03:03:08+00:00,249430.32,41fe205c591340eabb8fef7e6d9f325f,
0.8804204316809773,0.4671919528394937,0.0127654877677559,0.0278952527418732,0.0216707777976989,2.0,,ok,0,0.0,0.0,2.2487956865016567,2.7041061451085384,0.5082041757881339,1,0.2590353305671942,0.0194322690367698,0,15.780829086366149,32.4799751764794,0.0,0.0337991600533157,0.0385939851403236,per_frame,0,3762.1756918748015,0.1432376228202997,3.0353305339813232,18.15554428100586,23.73581654876564,D005,supercompressible-material,2026-08-26T03:03:15+00:00,194611.673,8d7a4d913f33435fa54d49739476d27d,SALVAGED from a partial (non-converged) ODB: stage2 failed: RuntimeError('Abaqus job SUPERCOMPRESSIBLE_RIKS completed with solver errors in its .msg file: ***ERROR: TOO MANY ATTEMPTS MADE FOR THIS INCREMENT; ***ERROR: THE ANALYSIS HAS BEEN TERMINATED DUE TO PREVIOUS ERRORS. ALL OUTPUT')
0.9749325131997466,0.3218977952376008,0.0123673876421526,0.0477305998001247,0.0314878738764673,2.0,,ok,0,0.0,0.0,3.131394552434483,3.796970087672887,0.8882054004244115,1,0.3647466525651165,0.0195160005241632,0,10.21286676976976,16.019506838423105,0.0,0.0302097127782428,0.0290341489017009,per_frame,0,6906.065060620735,0.1646225168974071,3.744430303573608,19.001123428344727,27.5806963163973,D005,supercompressible-material,2026-08-26T03:03:18+00:00,259575.135,87e9699444e8413395556701703040b4,SALVAGED from a partial (non-converged) ODB: stage2 failed: RuntimeError('Abaqus job SUPERCOMPRESSIBLE_RIKS completed with solver errors in its .msg file: ***ERROR: TOO MANY ATTEMPTS MADE FOR THIS INCREMENT; ***ERROR: THE ANALYSIS HAS BEEN TERMINATED DUE TO PREVIOUS ERRORS. ALL OUTPUT')
1.1696286857128144,0.3149080764502286,0.0071351283639669,0.0300438269367441,0.0564620442595332,2.0,,ok,0,,,,0.3280374363055673,,0,0.0,1.0,0,19.465374503977337,20.42793350887803,,,,,0,3008.7513584034004,,,,,D005,supercompressible-material,2026-08-26T03:03:19+00:00,13311.563,,not coilable (Stage 2 not run)
1.1444187738001346,0.3766209416091442,0.0194364345232024,0.0223701998870819,0.0483384019229561,3.0,,ok,0,0.0,0.0,3.961634058406686,4.289119613031184,0.5631607448586746,1,0.1489863343118314,0.0198884606361389,0,25.5790913710386,13.635326426102228,0.0,0.0779931711470932,0.0682626217603683,per_frame,0,5971.077170293473,0.1187121221860586,1.8845338821411133,13.990288734436035,11.295955439559222,D005,supercompressible-material,2026-08-26T03:03:24+00:00,266202.142,2f62f5efb77f4ecca31f0743ab7a49bb,SALVAGED from a partial (non-converged) ODB: stage2 failed: RuntimeError('Abaqus job SUPERCOMPRESSIBLE_RIKS completed with solver errors in its .msg file: ***ERROR: TOO MANY ATTEMPTS MADE FOR THIS INCREMENT; ***ERROR: THE ANALYSIS HAS BEEN TERMINATED DUE TO PREVIOUS ERRORS. ALL OUTPUT')
0.98672077502124,0.3226605769246816,0.0084331927020102,0.0157396582933142,0.0254742905776947,2.0,,ok,0,0.0,0.0,0.2707612662473782,0.320678111736998,0.0104619946970991,1,0.0415180915751136,0.0031371337827295,0,31.345050719441875,61.50797223983006,0.0,0.0391547045099558,0.0031371337827295,per_frame,0,1571.6753512239268,0.0718137049518537,0.4316369295120239,5.578872203826904,55.222014011627785,D005,supercompressible-material,2026-08-26T03:04:05+00:00,121812.831,60bebc640de7419996ad700fac915067,SALVAGED from a partial (non-converged) ODB: stage2 failed: RuntimeError('Abaqus job SUPERCOMPRESSIBLE_RIKS completed with solver errors in its .msg file: ***ERROR: TOO MANY ATTEMPTS MADE FOR THIS INCREMENT; ***ERROR: THE ANALYSIS HAS BEEN TERMINATED DUE TO PREVIOUS ERRORS. ALL OUTPUT')
0.8982274802867323,0.5039579775184393,0.00954112532828,0.0331283631175756,0.0445223983097821,2.0,,ok,0,,,,1.3934757990763198,,0,0.0,1.0,0,13.556774252607037,13.855889468889169,,,,,0,3406.9609997676293,,,,,D005,supercompressible-material,2026-08-26T03:04:18+00:00,11746.407,,not coilable (Stage 2 not run)
1.0679395698942242,0.2589116457849741,0.0042581141367554,0.0492874322878196,0.0313735001441091,2.0,,ok,0,,,,0.1330747530839034,,0,0.0,1.0,0,10.833791905184542,18.68247690257364,,,,,0,2689.561109523884,,,,,D005,supercompressible-material,2026-08-26T03:04:18+00:00,12248.666,,not coilable (Stage 2 not run)
0.6847772969398647,0.4660691242665052,0.0137618963308632,0.0161089477594941,0.063038465026766,2.0,,ok,1,1.0,0.0,1.0311488222110128,1.2633507176043863,0.2283912616458862,1,0.2329365467083881,0.0198566373437643,0,21.25456321429421,11.696775844026456,0.0,0.0852630862052451,0.0967379882931709,per_frame,0,1821.6966281055888,0.1776218613342393,2.318716287612915,10.735511779785156,20.78345443114133,D005,supercompressible-material,2026-08-26T03:04:28+00:00,207749.046,1618e09f48814b988b36064cd69dbf10,
0.6406433594413101,0.4375584494322538,0.0181863565910607,0.0307253163354471,0.0233594206534326,2.0,,ok,0,0.0,0.0,5.885392557500436,7.203564930929972,0.953719065697626,1,0.1706876787072032,0.01954972371459,0,10.425333826461108,14.484866291227348,0.0,0.0574465072733137,0.0219344720244407,per_frame,0,4295.756343738098,0.0995126414514783,0.8416352868080139,7.615936279296875,41.75206491044,D005,supercompressible-material,2026-08-26T03:04:32+00:00,86583.134,00d96f3af9634a91aee4d7e20cd5b348,SALVAGED from a partial (non-converged) ODB: stage2 failed: RuntimeError('Abaqus job SUPERCOMPRESSIBLE_RIKS completed with solver errors in its .msg file: ***ERROR: TOO MANY ATTEMPTS MADE FOR THIS INCREMENT; ***ERROR: THE ANALYSIS HAS BEEN TERMINATED DUE TO PREVIOUS ERRORS. ALL OUTPUT')
0.6722616567742079,0.2742096416652202,0.0082657256657257,0.0235948778735473,0.0200167656317353,1.0,,ok,0,0.0,0.0,0.4005813867143667,0.4994069907632886,0.1095217336582061,1,0.3178067211863303,0.0120967226102948,0,14.245923635991607,96.95390360462906,0.0,0.0460156653882567,0.0120967226102948,per_frame,0,1573.3245106013362,0.2430814010927716,6.13131046295166,19.091970443725582,54.147199558076686,D005,supercompressible-material,2026-08-26T03:04:43+00:00,99676.36,e9a61d658d2b4ba3b4c2b785383f86ae,SALVAGED from a partial (non-converged) ODB: stage2 failed: RuntimeError('Abaqus job SUPERCOMPRESSIBLE_RIKS completed with solver errors in its .msg file: ***ERROR: TOO MANY ATTEMPTS MADE FOR THIS INCREMENT; ***ERROR: THE ANALYSIS HAS BEEN TERMINATED DUE TO PREVIOUS ERRORS. ALL OUTPUT')
0.885634235618636,0.4448244240134954,0.0040308313909918,0.0236067262664437,0.0357120416499674,2.0,,ok,0,,,,0.0793864856142373,,0,0.0,1.0,0,18.758090927617083,23.56669128696012,,,,,0,1011.2674736162732,,,,,D005,supercompressible-material,2026-08-26T03:04:50+00:00,12027.98,,not coilable (Stage 2 not run)
0.7789286717306823,0.3017193451523781,0.0137358167786151,0.0372667817864567,0.030896617854014,1.0,,ok,1,1.0,0.0,3.0420071888070086,3.7019439763174855,0.7217137907639691,1,0.2682490014325092,0.0195162817835807,0,10.450710181979764,53.39035434463106,0.0,0.04267030128875,0.0371965393424034,per_frame,0,4784.706643380022,0.3237905153608372,13.400665283203123,27.98617172241211,11.055337707681662,D005,supercompressible-material,2026-08-26T03:04:54+00:00,170972.516,4edbf1828fbf4085b383aff83a6e1fc3,
0.8041175596881658,0.3899279979988932,0.0072367721498012,0.0395449687074869,0.0347434713132679,1.0,,ok,0,0.0,0.0,1234.5837932133245,0.7667872951576729,0.0329922074216374,1,0.0556348886921444,0.0068052732385694,0,10.167128537086482,47.6842441103304,0.0,0.0556348886921444,0.0068052732385694,per_frame,0,2761.4483671981384,0.1974940816366344,2.230134963989258,9.062026023864746,45.04292683520056,D005,supercompressible-material,2026-08-26T03:05:04+00:00,57964.895,62a84ac5834441c6a12ba1a4b1583dc7,SALVAGED from a partial (non-converged) ODB: stage2 failed: RuntimeError('Abaqus job SUPERCOMPRESSIBLE_RIKS completed with solver errors in its .msg file: ***ERROR: TOO MANY ATTEMPTS MADE FOR THIS INCREMENT; ***ERROR: THE ANALYSIS HAS BEEN TERMINATED DUE TO PREVIOUS ERRORS. ALL OUTPUT')
1.1162469271570443,0.420566626265645,0.0198616883084177,0.0341769359633326,0.0165467063151299,3.0,,ok,0,,,,9.32308435973244,,0,0.0,1.0,0,16.330412538365493,24.80467918849924,,,,,0,9092.657013675926,,,,,D005,supercompressible-material,2026-08-26T03:05:21+00:00,12043.572,,not coilable (Stage 2 not run)
0.9289046267047524,0.4929018756374717,0.0111297971857711,0.0238603480579331,0.052986505376175,1.0,,ok,0,,,,1.5283967495000894,,0,0.0,1.0,0,19.46544586125406,69.15131683451132,,,,,0,2960.1682559217365,,,,,D005,supercompressible-material,2026-08-26T03:05:27+00:00,12893.905,,not coilable (Stage 2 not run)
0.5851249224971979,0.3320000801235437,0.0181791561199352,0.0215257159015163,0.0214829511288553,2.0,,ok,1,1.0,0.0,2.9142665017249327,3.291791077640132,0.5506296850798295,1,0.1993600334806503,0.0198141653090715,0,13.591299940365255,18.753654552001024,0.0,0.1531693649825012,0.0455996245145797,per_frame,0,2747.6484518534053,0.1496163429869371,1.9797148704528809,11.252227783203123,27.38754452015824,D005,supercompressible-material,2026-08-26T03:05:30+00:00,115920.459,a00fff9def814c18bb6f49dbb87c415f,
0.9218287208117544,0.0950778258964419,0.0147633985523134,0.0157253742078319,0.0135945694521069,3.0,,ok,0,0.0,0.0,0.8943539958899728,0.8754795109598978,0.2731464215057838,1,0.3206330477841296,0.0195562932640314,0,29.31023162401578,44.74986902425109,0.0,0.2047483446782614,0.0368174947798252,per_frame,0,2568.1407027876407,0.1227435159542419,1.860112428665161,13.294353485107422,6.920538699503426,D005,supercompressible-material,2026-08-26T03:05:33+00:00,210167.464,78781a51dfe74610a05d3bebd230f17c,SALVAGED from a partial (non-converged) ODB: stage2 failed: RuntimeError('Abaqus job SUPERCOMPRESSIBLE_RIKS completed with solver errors in its .msg file: ***ERROR: TOO MANY ATTEMPTS MADE FOR THIS INCREMENT; ***ERROR: THE ANALYSIS HAS BEEN TERMINATED DUE TO PREVIOUS ERRORS. ALL OUTPUT')
0.7762773861642926,0.1094794644042849,0.0035967728765681,0.0181477228831499,0.0236955632455647,3.0,,ok,0,0.0,0.0,0.2164368760407402,0.0278202840524633,0.0052224786591526,1,0.2677883204258914,0.0052382010035216,0,21.38773528675215,15.776201316879904,0.0,0.2677883204258914,0.0052382010035216,per_frame,0,608.0416577343922,0.1028526903606673,0.8446020483970642,7.367162227630615,63.36402963427079,D005,supercompressible-material,2026-08-26T03:05:42+00:00,158727.747,8376d17b910540a7a4a02ebb23464056,SALVAGED from a partial (non-converged) ODB: stage2 failed: RuntimeError('Abaqus job SUPERCOMPRESSIBLE_RIKS completed with solver errors in its .msg file: ***ERROR: TOO MANY ATTEMPTS MADE FOR THIS INCREMENT; ***ERROR: THE ANALYSIS HAS BEEN TERMINATED DUE TO PREVIOUS ERRORS. ALL OUTPUT')
1.0734667168930172,0.0306904692202806,0.0080691795656457,0.0171094883419573,0.0606947311386466,1.0,,ok,0,0.0,0.0,0.1978572841536851,0.2289242260115665,0.0935664732216328,1,0.7057368950774141,0.0186715740710496,0,31.370509025117123,112.4318631584962,0.0,0.0476606209548763,0.0186715740710496,per_frame,0,1778.427772618234,0.3863838965423707,23.14291763305664,36.75325775146485,26.16081324783969,D005,supercompressible-material,2026-08-26T03:05:43+00:00,311979.726,99e80e35367741719a7f04e6153cacf1,SALVAGED from a partial (non-converged) ODB: stage2 failed: RuntimeError('Abaqus job SUPERCOMPRESSIBLE_RIKS completed with solver errors in its .msg file: ***ERROR: TOO MANY ATTEMPTS MADE FOR THIS INCREMENT; ***ERROR: THE ANALYSIS HAS BEEN TERMINATED DUE TO PREVIOUS ERRORS. ALL OUTPUT')
0.5214875712525099,0.5114785395562649,0.0132793160350993,0.0165365328546613,0.0247383916471153,2.0,,ok,1,1.0,0.0,1.1474098535136672,1.3782393658576555,0.2611693170751776,1,0.2384293087636644,0.0194008890539407,0,15.76774212090995,16.838843820401124,0.0,0.0946107061807349,0.0627369508147239,per_frame,0,1374.1855363362522,0.1344701606041599,1.4630793333053589,9.417247772216797,30.093794450496155,D005,supercompressible-material,2026-08-26T03:05:57+00:00,141337.926,e37d4edf0ddb46709fce7f3da9826ea8,
1.1914673433173446,0.3984943505376577,0.0150678615216165,0.0469615444121882,0.0724304919224232,1.0,,ok,0,,,,4.904094313138268,,0,0.0,1.0,0,12.685563882436066,42.286402135803655,,,,,0,10117.131168573136,,,,,D005,supercompressible-material,2026-08-26T03:05:58+00:00,13525.484,,not coilable (Stage 2 not run)
0.96845481316559,0.3689822869375348,0.013038893546909,0.0360562797961756,0.0347851896751672,2.0,,ok,0,0.0,0.0,2.7599436493226537,3.344036340292431,0.7423011388152987,1,0.3292742318232662,0.0197824593633413,0,13.429766168892304,18.941906830505395,0.0,0.0314112682700718,0.0336755365133285,per_frame,0,5463.642351398774,0.1651394835800866,3.751875877380371,18.967559814453125,25.57651737225706,D005,supercompressible-material,2026-08-26T03:06:39+00:00,247177.12,9d6ab3f89ad64a7480db00fb26f1575d,SALVAGED from a partial (non-converged) ODB: stage2 failed: RuntimeError('Abaqus job SUPERCOMPRESSIBLE_RIKS completed with solver errors in its .msg file: ***ERROR: TOO MANY ATTEMPTS MADE FOR THIS INCREMENT; ***ERROR: THE ANALYSIS HAS BEEN TERMINATED DUE TO PREVIOUS ERRORS. ALL OUTPUT')
0.6102755227591843,0.0670072328299283,0.0190741105070337,0.0289516273792833,0.0776285328622907,1.0,,ok,1,1.0,0.0,4.024358630125355,4.8196360900041695,0.4202666538048233,1,0.1137788468432573,0.0196129810065031,0,10.539572003400997,16.790274584015812,0.0,0.0723308471684193,0.0714867115020752,per_frame,0,4044.1240844934086,0.3300238337192855,9.722256660461426,19.73699951171875,31.661909653484337,D005,supercompressible-material,2026-08-26T03:06:51+00:00,102663.036,589c85d0a6214f5481bf64123d035cfb,
1.1017835376318543,0.0312227301299572,0.0162303043128922,0.0311696399515494,0.0160612942278385,3.0,,ok,0,0.0,0.0,2.769233192296212,3.1965952010121,0.6819660006971215,1,0.2677197519460726,0.0197285041213035,0,17.673985637057122,27.298449432622235,0.0,0.048656544909047,0.0372026041150093,per_frame,0,6688.611535838342,0.1224938432856774,2.1972811222076416,15.740609169006348,21.77224698904088,D005,supercompressible-material,2026-08-26T03:06:55+00:00,292492.258,c366f407b6c14a68a6baa092827afe8a,SALVAGED from a partial (non-converged) ODB: stage2 failed: RuntimeError('Abaqus job SUPERCOMPRESSIBLE_RIKS completed with solver errors in its .msg file: ***ERROR: TOO MANY ATTEMPTS MADE FOR THIS INCREMENT; ***ERROR: THE ANALYSIS HAS BEEN TERMINATED DUE TO PREVIOUS ERRORS. ALL OUTPUT')
0.5285929437726735,0.0971467835828661,0.0046933337263762,0.0221755633968859,0.0302841093111783,2.0,,ok,1,1.0,0.0,0.2764676818635491,0.07257889818172,0.0279647022659344,1,0.944375121178824,0.0126423863694071,1,11.918365597126188,10.538857166994276,0.0,0.944375121178824,0.0341500118374824,per_frame,0,660.1744409172601,0.1632855552457252,1.845664978027344,9.45763111114502,40.23390906111416,D005,supercompressible-material,2026-08-26T03:07:12+00:00,121773.995,1d138628c8134b9cb0e3e6ca312e7006,
1.0647829090710728,0.2509499497711658,0.0192110049538314,0.03221193194855,0.011350499568507,2.0,,ok,0,0.0,0.0,5.784361937355021,6.653949860785961,1.049388635822481,1,0.1908404589578678,0.0196008458733558,0,16.52777161537189,78.54719075580329,0.0,0.0475452387492157,0.050962183624506,per_frame,0,7906.953314696123,0.1603966257469135,4.449421405792236,23.29069709777832,20.62153003503633,D005,supercompressible-material,2026-08-26T03:07:26+00:00,260026.938,31980871d0204b8f8064e364dfce9676,SALVAGED from a partial (non-converged) ODB: stage2 failed: RuntimeError('Abaqus job SUPERCOMPRESSIBLE_RIKS completed with solver errors in its .msg file: ***ERROR: TOO MANY ATTEMPTS MADE FOR THIS INCREMENT; ***ERROR: THE ANALYSIS HAS BEEN TERMINATED DUE TO PREVIOUS ERRORS. ALL OUTPUT')
1.112999811396003,0.0233323529362678,0.0137165317684412,0.0256741017336025,0.0301450031436979,1.0,,ok,0,0.0,0.0,1.373291474663506,1.5721113072026631,0.4103784782978664,1,0.3361878189319927,0.0197720117866992,0,21.67553558337924,162.17348325652716,0.0,0.0482477328134615,0.0310323983430862,per_frame,0,4703.443248704028,0.3642238272599845,23.276988983154297,40.63148498535156,26.54911910834508,D005,supercompressible-material,2026-08-26T03:09:05+00:00,236193.252,94c845c5cb424e49ba05980d9eb2059b,SALVAGED from a partial (non-converged) ODB: stage2 failed: RuntimeError('Abaqus job SUPERCOMPRESSIBLE_RIKS completed with solver errors in its .msg file: ***ERROR: TOO MANY ATTEMPTS MADE FOR THIS INCREMENT; ***ERROR: THE ANALYSIS HAS BEEN TERMINATED DUE TO PREVIOUS ERRORS. ALL OUTPUT')
0.9824733178131282,0.1700916331261396,0.0112628407767042,0.0237295187730342,0.0190317155234515,3.0,,ok,0,0.0,0.0,0.841824802010787,0.9853176423523846,0.2884418375466097,1,0.4081172976394414,0.0198225025087595,0,20.70150109680253,24.062037864681173,0.0,0.0480017751913137,0.0280102808028459,per_frame,0,3150.93094998698,0.1207399592358058,1.884759545326233,13.725313186645508,17.03791357834176,D005,supercompressible-material,2026-08-26T03:09:27+00:00,258335.692,4b54dacfdb14491198b9e0c1845eeddc,SALVAGED from a partial (non-converged) ODB: stage2 failed: RuntimeError('Abaqus job SUPERCOMPRESSIBLE_RIKS completed with solver errors in its .msg file: ***ERROR: TOO MANY ATTEMPTS MADE FOR THIS INCREMENT; ***ERROR: THE ANALYSIS HAS BEEN TERMINATED DUE TO PREVIOUS ERRORS. ALL OUTPUT')
0.4719780596718191,0.0022094122900143,0.0044076560364133,0.0200047570522874,0.0268301364462822,2.0,,ok,0,0.0,0.0,310.7385871253909,0.0486547271361463,0.0162297185036648,1,0.6895163566042388,0.0087387496605515,0,11.79664562879184,10.513025590867665,0.0,0.6895163566042388,0.0087387496605515,per_frame,0,499.394820621833,0.1440254841059927,1.4271403551101685,8.481802940368652,54.07958402818648,D005,supercompressible-material,2026-08-26T03:11:56+00:00,92218.95,b7c09421940a452bb44ad4731bebd2d1,SALVAGED from a partial (non-converged) ODB: stage2 failed: RuntimeError('Abaqus job SUPERCOMPRESSIBLE_RIKS completed with solver errors in its .msg file: ***ERROR: TOO MANY ATTEMPTS MADE FOR THIS INCREMENT; ***ERROR: THE ANALYSIS HAS BEEN TERMINATED DUE TO PREVIOUS ERRORS. ALL OUTPUT')
0.5343611241877078,0.1477259274178142,0.0037913426790848,0.0205129677020013,0.0253893447499722,2.0,,ok,0,0.0,0.0,0.0291073317909509,0.0390082399320511,0.0116679733632869,1,0.5858958545584654,0.0071436543948948,0,13.02495894183983,13.887689053151034,0.0,0.0538213416957067,0.0071436543948948,per_frame,0,498.6980118886187,0.1466565177941303,1.6342538595199585,9.509157180786133,47.40795484890003,D005,supercompressible-material,2026-08-26T03:12:06+00:00,102235.494,52c3d14b87274961bf475bd0589e9662,SALVAGED from a partial (non-converged) ODB: stage2 failed: RuntimeError('Abaqus job SUPERCOMPRESSIBLE_RIKS completed with solver errors in its .msg file: ***ERROR: TOO MANY ATTEMPTS MADE FOR THIS INCREMENT; ***ERROR: THE ANALYSIS HAS BEEN TERMINATED DUE TO PREVIOUS ERRORS. ALL OUTPUT')
0.4874701896868645,0.117914730073363,0.0050733405219584,0.0162936294469982,0.0303797251563519,2.0,,ok,1,1.0,0.0,0.5008539469310997,0.0637935453230474,0.0325977808910654,1,0.905264237413736,0.0191866140812635,1,14.9589197198992,12.160031845234638,0.0,0.905264237413736,0.0517275892198085,per_frame,0,483.5497429952413,0.1565272697794734,1.599873185157776,8.621177673339844,43.69187645330817,D005,supercompressible-material,2026-08-26T03:12:07+00:00,103033.178,671fcc481fa0445d80b1c7033fbb356d,
0.5124027880467473,0.1574010714341301,0.0069325744100732,0.0218972025010734,0.0209724238086491,2.0,,ok,1,1.0,0.0,0.1767147219636755,0.2349975786399532,0.0893309556318242,1,0.9385040014881688,0.0149468090385198,1,11.70018836930488,14.481914248497628,0.0,0.062745886913085,0.0151167353615164,per_frame,0,933.417426179919,0.1477894848202124,1.6946414709091189,9.77194881439209,39.361131004315645,D005,supercompressible-material,2026-08-26T03:12:07+00:00,103520.402,2ac1df4d255f4e5a973472e7fd2c7718,
0.5540721789002417,0.101505364975497,0.0074740137352459,0.0245136594437062,0.0178814656566828,2.0,,ok,1,1.0,0.0,0.2379085420419579,0.3127330969778506,0.1190122540428272,1,0.8899189615555616,0.015875194221735,1,11.301294695976049,17.740329820323463,0.0,0.0569064488597921,0.0160837601870298,per_frame,0,1218.1748527015216,0.1496620182704987,1.948525309562683,11.070979118347168,37.584198445264114,D005,supercompressible-material,2026-08-26T03:12:08+00:00,101002.836,d8d46d506b814acda4fcea27af5e9e05,
0.6296030201949179,0.1090986802815664,0.0040044675004502,0.0236888233218342,0.0241420279946178,2.0,,ok,0,0.0,0.0,0.0396860097278568,0.0518293377343526,0.0145614051999979,1,0.5114178802774962,0.0068473676219582,0,13.289031110604109,17.557255554844907,0.0,0.0485594098677253,0.0068473676219582,per_frame,0,716.6981953564388,0.1507667248960559,2.0002903938293457,11.267162322998049,47.95285099311852,D005,supercompressible-material,2026-08-26T03:12:14+00:00,110201.317,1f7e667b2e474506b6279e04de795436,SALVAGED from a partial (non-converged) ODB: stage2 failed: RuntimeError('Abaqus job SUPERCOMPRESSIBLE_RIKS completed with solver errors in its .msg file: ***ERROR: TOO MANY ATTEMPTS MADE FOR THIS INCREMENT; ***ERROR: THE ANALYSIS HAS BEEN TERMINATED DUE TO PREVIOUS ERRORS. ALL OUTPUT')
0.6085659490525722,0.1164984514637684,0.0058065430238715,0.0282678033169358,0.0248792588617652,2.0,,ok,0,0.0,0.0,211.24438725238392,0.183961893555152,0.05593331466506,1,0.5712122971058647,0.0105850752443075,0,10.764295021961722,13.339085645068147,0.0,0.5712122971058647,0.0105850752443075,per_frame,0,1198.6671514463812,0.1527334768394396,2.0031774044036865,11.112332344055176,44.135954295163785,D005,supercompressible-material,2026-08-26T03:12:18+00:00,110477.03,9541c0c6c8264ef3ab6c2e4eb8803efd,SALVAGED from a partial (non-converged) ODB: stage2 failed: RuntimeError('Abaqus job SUPERCOMPRESSIBLE_RIKS completed with solver errors in its .msg file: ***ERROR: TOO MANY ATTEMPTS MADE FOR THIS INCREMENT; ***ERROR: THE ANALYSIS HAS BEEN TERMINATED DUE TO PREVIOUS ERRORS. ALL OUTPUT')
0.6956432966329157,0.1775304959459958,0.0073559013843449,0.0201901636030524,0.0181755380686372,2.0,,ok,0,0.0,0.0,1.7752867408924615,0.2584209421312644,0.0634719777526466,1,0.3624661399360616,0.0100330049172043,0,17.2272823120597,33.40306800165131,0.0,0.3624661399360616,0.0100330049172043,per_frame,0,1239.777033690976,0.1337869082134794,1.7486765384674072,11.32193374633789,56.46734451302876,D005,supercompressible-material,2026-08-26T03:12:18+00:00,113637.085,1c465b918d0e45b2845c6f8f36a48364,SALVAGED from a partial (non-converged) ODB: stage2 failed: RuntimeError('Abaqus job SUPERCOMPRESSIBLE_RIKS completed with solver errors in its .msg file: ***ERROR: TOO MANY ATTEMPTS MADE FOR THIS INCREMENT; ***ERROR: THE ANALYSIS HAS BEEN TERMINATED DUE TO PREVIOUS ERRORS. ALL OUTPUT')
0.6371456715092063,0.1740981394539058,0.0077747385015353,0.0167694125771522,0.0226651650611311,3.0,,ok,0,0.0,0.0,62.462362395677886,0.2283470240846198,0.0720855815185222,1,0.4745883847933505,0.0137035241350531,0,18.99725671897701,12.02426345726504,0.0,0.4745883847933505,0.0137035241350531,per_frame,0,996.8357929105088,0.1076112450789951,0.8702698945999146,7.21689510345459,49.18191597335144,D005,supercompressible-material,2026-08-26T03:12:18+00:00,109080.237,08920891efdc49e997ecce5bed784ff3,SALVAGED from a partial (non-converged) ODB: stage2 failed: RuntimeError('Abaqus job SUPERCOMPRESSIBLE_RIKS completed with solver errors in its .msg file: ***ERROR: TOO MANY ATTEMPTS MADE FOR THIS INCREMENT; ***ERROR: THE ANALYSIS HAS BEEN TERMINATED DUE TO PREVIOUS ERRORS. ALL OUTPUT')
0.6477920026145875,0.2022431323200697,0.0048474417357983,0.0202792656403034,0.0202025823872536,2.0,,ok,0,0.0,0.0,0.3958436032292902,0.0841696221706258,0.0218284622148153,1,0.4281715179146985,0.0074078454636037,0,15.971781574948906,25.944918858394924,0.0,0.4281715179146985,0.0074078454636037,per_frame,0,764.1553358525807,0.1387602047701723,1.7701795101165771,10.986932754516602,50.83582387707667,D005,supercompressible-material,2026-08-26T03:12:25+00:00,117653.815,6edc9b9bad9748c09ff19964e0ea51e4,SALVAGED from a partial (non-converged) ODB: stage2 failed: RuntimeError('Abaqus job SUPERCOMPRESSIBLE_RIKS completed with solver errors in its .msg file: ***ERROR: TOO MANY ATTEMPTS MADE FOR THIS INCREMENT; ***ERROR: THE ANALYSIS HAS BEEN TERMINATED DUE TO PREVIOUS ERRORS. ALL OUTPUT')
0.5584581518173217,0.1213508450787965,0.0038980350650442,0.0269911932926625,0.0164504671897739,2.0,,ok,0,0.0,0.0,0.0871858165790008,0.0570665963950299,0.0167341004853554,1,0.5926076607576296,0.0071841496974229,0,10.345191962467576,17.791854203319204,0.0,0.5926076607576296,0.0071841496974229,per_frame,0,705.0821296982084,0.1395010182074885,1.7204270362854004,10.612293243408203,45.528459568174085,D005,supercompressible-material,2026-08-26T03:12:26+00:00,121439.304,5613e117e6154eefbd2223ba4a4590a6,SALVAGED from a partial (non-converged) ODB: stage2 failed: RuntimeError('Abaqus job SUPERCOMPRESSIBLE_RIKS completed with solver errors in its .msg file: ***ERROR: TOO MANY ATTEMPTS MADE FOR THIS INCREMENT; ***ERROR: THE ANALYSIS HAS BEEN TERMINATED DUE TO PREVIOUS ERRORS. ALL OUTPUT')
0.5905449211038648,0.1409366848153155,0.0069699255301889,0.023642375903204,0.0186448192428797,2.0,,ok,1,1.0,0.0,0.1989766256736655,0.2584761158448696,0.0980799065913466,1,0.9070080637234412,0.0150646660476922,1,12.489119611363437,20.0399597701906,0.0,0.053826459844202,0.0152815077453851,per_frame,0,1167.7595855753575,0.1550381694340058,2.1685259342193604,11.818519592285156,32.80783545173523,D005,supercompressible-material,2026-08-26T03:12:28+00:00,119255.765,fc6b17a2382442368b3e2ed4af1ae86a,
0.6173821080476045,0.1401010729570524,0.0066947870829313,0.0170456079188734,0.0212142768595367,2.0,,ok,1,1.0,0.0,0.1199157390425438,0.1528821162681667,0.0623539692286389,1,0.8857149609200927,0.014499120414257,1,18.10971221988568,26.699775821634702,0.0,0.0607289530217667,0.022024966776371,per_frame,0,845.4434221464558,0.1609249567005854,2.345366954803467,12.228922843933104,31.54723183461308,D005,supercompressible-material,2026-08-26T03:12:41+00:00,134182.786,b760a2181faa4893b8bdabbd9c74c46c,
0.6670783683657646,0.0671603044322239,0.0041747572463801,0.0279484581146389,0.0286562292259186,2.0,,ok,0,0.0,0.0,0.0514049396824022,0.0668026347804382,0.0187583952574054,1,0.5128045206375433,0.0071342694573104,0,11.934081759171544,14.0739849762597,0.0,0.0461655168376016,0.0071342694573104,per_frame,0,934.0006628226228,0.1599213629576505,2.264350891113281,11.894801139831545,47.3372379840313,D005,supercompressible-material,2026-08-26T03:12:43+00:00,133989.608,8fade9f0d62b44749e557b66800e97e4,SALVAGED from a partial (non-converged) ODB: stage2 failed: RuntimeError('Abaqus job SUPERCOMPRESSIBLE_RIKS completed with solver errors in its .msg file: ***ERROR: TOO MANY ATTEMPTS MADE FOR THIS INCREMENT; ***ERROR: THE ANALYSIS HAS BEEN TERMINATED DUE TO PREVIOUS ERRORS. ALL OUTPUT')
0.6978962939046323,0.0186106922867259,0.0035554130726997,0.0221199143584817,0.0174704412762075,3.0,,ok,0,0.0,0.0,0.024133527324555,0.0309112852538987,0.0085509810095258,1,0.4831286449587785,0.0059063099324703,0,15.775293760055352,14.189013875027673,0.0,0.0490724067854588,0.0059063099324703,per_frame,0,658.6362719748735,0.1101704449322516,1.0462124347686768,8.450095176696777,51.30271664800979,D005,supercompressible-material,2026-08-26T03:12:54+00:00,146769.683,4b38b701fdad4d748d324075a753072d,SALVAGED from a partial (non-converged) ODB: stage2 failed: RuntimeError('Abaqus job SUPERCOMPRESSIBLE_RIKS completed with solver errors in its .msg file: ***ERROR: TOO MANY ATTEMPTS MADE FOR THIS INCREMENT; ***ERROR: THE ANALYSIS HAS BEEN TERMINATED DUE TO PREVIOUS ERRORS. ALL OUTPUT')
0.6705480172857642,0.0200322746773775,0.0034879495358505,0.0237735079489648,0.0367413093689829,2.0,,ok,0,0.0,0.0,0.023818263500365,0.0310734110892616,0.0089022386626716,1,0.5269511691896618,0.0060944459401071,0,14.102841253492036,13.03923551373611,0.0,0.049302331039466,0.0060944459401071,per_frame,0,667.2285043244966,0.1704829398996128,2.407160520553589,11.712495803833008,48.91846393212747,D005,supercompressible-material,2026-08-26T03:12:55+00:00,151327.255,03e5723b4fa143ceb8c55706ab371348,SALVAGED from a partial (non-converged) ODB: stage2 failed: RuntimeError('Abaqus job SUPERCOMPRESSIBLE_RIKS completed with solver errors in its .msg file: ***ERROR: TOO MANY ATTEMPTS MADE FOR THIS INCREMENT; ***ERROR: THE ANALYSIS HAS BEEN TERMINATED DUE TO PREVIOUS ERRORS. ALL OUTPUT')
0.5386202478781341,0.0784304415869004,0.004407539539896,0.0215020279753953,0.0211152200717479,2.0,,ok,1,1.0,0.0,0.0438181932253243,0.0587430284622646,0.0207634932196268,1,0.8757512392201491,0.0092421574518084,1,12.524870874842016,16.185666192038138,0.0,0.0543301963235072,0.0093661407008767,per_frame,0,612.547202914634,0.152004360216646,1.8725850582122805,10.446700096130373,40.58548657689364,D005,supercompressible-material,2026-08-26T03:14:25+00:00,115609.921,26c655474fc4408a8a4a59a4cac65841,
0.4924027726293682,0.0,0.0050703304275223,0.0162541365659741,0.0275768898497363,2.0,,ok,0,0.0,0.0,0.0418055666795936,0.0562814320091099,0.0192988683288468,1,0.6517698183791539,0.0098050246015191,0,15.14699875415548,13.701624267686135,0.0,0.0673778101870001,0.0098050246015191,per_frame,0,486.969658757718,0.1455991596167609,1.502377986907959,8.816211700439453,54.600100775706174,D005,supercompressible-material,2026-08-26T03:14:36+00:00,95629.056,828a0b6e3225420a8a9bcd398f6582db,SALVAGED from a partial (non-converged) ODB: stage2 failed: RuntimeError('Abaqus job SUPERCOMPRESSIBLE_RIKS completed with solver errors in its .msg file: ***ERROR: TOO MANY ATTEMPTS MADE FOR THIS INCREMENT; ***ERROR: THE ANALYSIS HAS BEEN TERMINATED DUE TO PREVIOUS ERRORS. ALL OUTPUT')
0.4826439929101571,0.0,0.0059906911554668,0.0207606352973824,0.0205344470984464,2.0,,ok,1,1.0,0.0,0.0907372619774382,0.1225026207307857,0.0463636170439256,1,0.9276668842834598,0.0124955661594867,1,11.624017906884813,13.841094085274095,0.0,0.0669098591127427,0.0128641724586486,per_frame,0,720.3204108898024,0.1427366238048504,1.5431565046310425,9.268059730529783,49.2141274684958,D005,supercompressible-material,2026-08-26T03:14:37+00:00,96184.463,1da43b483a4c4a82bafacc9edede5846,
0.5009014919251809,0.0,0.0047260462025504,0.0181121057558488,0.0241612589209096,2.0,,ok,0,0.0,0.0,0.131215067709078,0.0532001923108508,0.0179489969084416,1,0.6750543265497468,0.009285026229918,0,13.827809385538409,14.5230023947315,0.0,0.6750543265497468,0.009285026229918,per_frame,0,514.517889652259,0.1442174550941242,1.561348795890808,9.265002250671388,52.976743772008405,D005,supercompressible-material,2026-08-26T03:15:09+00:00,97458.628,7a3fba71ff2d4f698749c2835a0587f5,SALVAGED from a partial (non-converged) ODB: stage2 failed: RuntimeError('Abaqus job SUPERCOMPRESSIBLE_RIKS completed with solver errors in its .msg file: ***ERROR: TOO MANY ATTEMPTS MADE FOR THIS INCREMENT; ***ERROR: THE ANALYSIS HAS BEEN TERMINATED DUE TO PREVIOUS ERRORS. ALL OUTPUT')
0.5017833938859403,0.1129593423022334,0.0058621783249646,0.0182750376306549,0.0293130259674042,2.0,,ok,0,0.0,0.0,11.96525644671001,0.1095877276153554,0.0367561206234088,1,0.6264757448284584,0.0113429008051753,0,13.728655558121506,11.9056716224103,0.0,0.6264757448284584,0.0113429008051753,per_frame,0,645.0818694941614,0.1485038985766341,1.5233105421066284,8.734403610229492,49.56982516657428,D005,supercompressible-material,2026-08-26T03:24:28+00:00,87196.919,e88d7cca38754908b07bb83af595717c,SALVAGED from a partial (non-converged) ODB: stage2 failed: RuntimeError('Abaqus job SUPERCOMPRESSIBLE_RIKS completed with solver errors in its .msg file: ***ERROR: TOO MANY ATTEMPTS MADE FOR THIS INCREMENT; ***ERROR: THE ANALYSIS HAS BEEN TERMINATED DUE TO PREVIOUS ERRORS. ALL OUTPUT')
0.5179018990732729,0.1442971535934512,0.0057996704859107,0.0177889843983068,0.0277741944354027,2.0,,ok,0,0.0,0.0,0.4209455097149702,0.1075760091346738,0.0352755891006145,1,0.5997277627347929,0.0110588232055306,0,14.55681469714947,13.75126478426084,0.0,0.5997277627347929,0.0110588232055306,per_frame,0,641.1848070945681,0.1467724362038085,1.5611628293991089,9.075458526611328,48.44910150353292,D005,supercompressible-material,2026-08-26T03:24:32+00:00,90539.24,95c279637be04f49adf40d852094d42a,SALVAGED from a partial (non-converged) ODB: stage2 failed: RuntimeError('Abaqus job SUPERCOMPRESSIBLE_RIKS completed with solver errors in its .msg file: ***ERROR: TOO MANY ATTEMPTS MADE FOR THIS INCREMENT; ***ERROR: THE ANALYSIS HAS BEEN TERMINATED DUE TO PREVIOUS ERRORS. ALL OUTPUT')
0.4690227106846868,0.1126440473808352,0.0060650516529947,0.0157674957071641,0.0342392618712037,2.0,,ok,1,1.0,0.0,0.5221416329330743,0.0979927594946339,0.0469164790573091,1,0.8529969051397558,0.0199083723127841,1,14.873088263204052,10.321454274118356,0.0,0.8529969051397558,0.0712501555681228,per_frame,0,538.235506035801,0.1577215559856843,1.4940537214279177,7.978676319122314,45.15677942870838,D005,supercompressible-material,2026-08-26T03:24:37+00:00,96529.39,96ae5cec0b5b4e4fbde9fcd61d2ba9ef,
0.4976618837378918,0.1147899747206275,0.0061026042171389,0.01773047892544,0.0254186676945537,2.0,,ok,1,1.0,0.0,0.2685950742818084,0.1193407425280268,0.0482629618829037,1,0.943466433853178,0.0155434925109148,1,14.03407899557172,13.919888973838471,0.0,0.943466433853178,0.0379951745271682,per_frame,0,646.1767038257653,0.1523801548890329,1.6352307796478271,9.096027374267578,42.831561587699,D005,supercompressible-material,2026-08-26T03:24:39+00:00,98834.895,5ad1e76fb49c4e858e6a5ecdf2e30478,
0.5351498132236301,0.1593258665515487,0.0046999323675602,0.0164923332708832,0.026347114386782,2.0,,ok,0,0.0,0.0,0.0553165080696783,0.0560267841001629,0.017617905312795,1,0.5786516052328512,0.0088065266609191,0,16.224199585161898,16.694593947251942,0.0,0.5786516052328512,0.0088065266609191,per_frame,0,497.7718525410817,0.146121536966771,1.6149029731750488,9.43687629699707,48.061209332643614,D005,supercompressible-material,2026-08-26T03:24:39+00:00,98416.446,44cc4e71cd72429cb2e8b9b74791e6e2,SALVAGED from a partial (non-converged) ODB: stage2 failed: RuntimeError('Abaqus job SUPERCOMPRESSIBLE_RIKS completed with solver errors in its .msg file: ***ERROR: TOO MANY ATTEMPTS MADE FOR THIS INCREMENT; ***ERROR: THE ANALYSIS HAS BEEN TERMINATED DUE TO PREVIOUS ERRORS. ALL OUTPUT')
0.519459391798824,0.1214183773113791,0.0052121225447029,0.0188281984902772,0.0282177849765867,2.0,,ok,1,1.0,0.0,0.5638794517252005,0.083163762930285,0.0395804406038815,1,0.9495067701877336,0.0188052412122488,1,13.794718386548452,12.86505895845021,0.0,0.9495067701877336,0.045600339770317,per_frame,0,611.7250074051515,0.1579389030408817,1.781639575958252,9.49892234802246,40.47579588704649,D005,supercompressible-material,2026-08-26T03:24:52+00:00,110481.188,92e7797a1ff24db79fbcef5ab832ae72,
0.522985855396837,0.1318530318154399,0.0056864727385908,0.0155468049516003,0.0267517921756953,2.0,,ok,1,1.0,0.0,0.2890844072983967,0.0850354250610457,0.0368183727452677,1,0.9261418596969034,0.0166388228535652,1,16.819721384071286,16.65812504079398,0.0,0.9261418596969034,0.0426647588610649,per_frame,0,554.8240786595736,0.1565237710094105,1.7876036167144775,9.633049011230469,40.21811552717257,D005,supercompressible-material,2026-08-26T03:24:54+00:00,113430.373,caf8c1e6b4554fb2ba6ac4e31962e88e,
0.4852711730785667,0.0831453644050662,0.0054664188376635,0.0174694770331022,0.0314059842612594,2.0,,ok,1,1.0,0.0,0.53405773274106,0.0817674435628921,0.038129773815165,1,0.8989760018290252,0.0183612685650587,1,13.889115631768622,10.872187590649036,0.0,0.8989760018290252,0.0573458559811115,per_frame,0,556.0944335606682,0.1572700354169554,1.5885599851608276,8.512283325195312,45.15472974279086,D005,supercompressible-material,2026-08-26T03:24:58+00:00,117363.198,8228c91826fd466b9ad76258d3e9effd,
0.5370506004281341,0.1035498280836646,0.005475609645155,0.0180551875442794,0.0273312127199024,2.0,,ok,1,1.0,0.0,0.4607082199375066,0.0891989183723297,0.0403269910758956,1,0.9497067650093016,0.018082333728671,1,14.872473606575548,14.805046302810233,0.0,0.9497067650093016,0.0396910198032856,per_frame,0,637.1342272171141,0.1592493334377338,1.8814191818237305,9.932879447937012,39.88021542179763,D005,supercompressible-material,2026-08-26T03:24:59+00:00,118699.324,f68c3b802326475c92eb5d8be1058dbf,
0.5083716308437287,0.0725493998838965,0.0060506550133794,0.0164670550013954,0.0299232495572418,2.0,,ok,1,1.0,0.0,0.3536460671714276,0.1001912197752099,0.0431748954481949,1,0.901693706673444,0.017053298652172,1,15.436021522993856,13.28550866629905,0.0,0.901693706673444,0.0538376308977603,per_frame,0,607.8282502331557,0.1583367865643218,1.7145344018936155,9.11386775970459,43.762352425660936,D005,supercompressible-material,2026-08-26T03:25:06+00:00,124851.083,3d41175817b544b484278b31934c2508,
1.0249420777894556,0.4558069188147783,0.0084449279266409,0.0146317427391186,0.0237778037041425,2.0,,ok,0,,,,0.3564221898895299,,0,0.0,1.0,0,35.02460698168325,76.48409198329774,,,,,0,1519.7514731287793,,,,,D008,supercompressible-material,2026-08-26T04:44:40+00:00,12109.284,,not coilable (Stage 2 not run)
0.3688802028540521,0.4982067536562681,0.0023665807158686,0.0137844107849523,0.0636258881818503,1.0,,ok,0,0.0,0.0,0.1109302760908344,0.0113080648099745,0.0027089286022391,1,0.5456927228735368,0.0053900047205388,0,13.3803398857185,15.719867672195514,0.0,0.5456927228735368,0.0053900047205388,per_frame,0,144.40296889523785,0.2956254778911013,3.6403417587280273,8.673690795898438,40.75979584384312,D008,supercompressible-material,2026-08-26T04:46:25+00:00,116536.157,5a7bf0f7668b40c29408a37b84fc1350,SALVAGED from a partial (non-converged) ODB: stage2 failed: RuntimeError('Abaqus job SUPERCOMPRESSIBLE_RIKS completed with solver errors in its .msg file: ***ERROR: TOO MANY ATTEMPTS MADE FOR THIS INCREMENT; ***ERROR: THE ANALYSIS HAS BEEN TERMINATED DUE TO PREVIOUS ERRORS. ALL OUTPUT')
0.4202472992241382,0.2453588180243968,0.0099005781528539,0.0091812376752495,0.1185540512576699,1.0,,ok,1,1.0,0.0,0.1901993367690594,0.2805922867369194,0.0526990712292759,1,0.3583215824822149,0.0198498126119375,0,21.22337164234169,15.245201222522958,0.0,0.1038632325086275,0.0689453557133674,per_frame,0,458.4035408557736,0.3589252690865987,5.239939212799072,9.359030723571776,40.48362441992155,D008,supercompressible-material,2026-08-26T04:46:26+00:00,118284.26,1d42b04b4c464f6e888b6f9f36a3b9e4,
0.6605781220830977,0.0088159125298261,0.002990507394541,0.024809834533371,0.0730952934082597,1.0,,ok,0,0.0,0.0,0.0166130906206694,0.0212215079052825,0.0062041847269078,1,0.5606990892835593,0.005989336874336,0,13.31282804797775,24.380092283582933,0.0,0.0447775170989047,0.005989336874336,per_frame,0,588.1311477785422,0.3284826995618394,10.467384338378906,21.39847755432129,47.018555336848976,D008,supercompressible-material,2026-08-26T04:46:48+00:00,141717.18,ff69d54c694343a3a2c258472dea46c4,SALVAGED from a partial (non-converged) ODB: stage2 failed: RuntimeError('Abaqus job SUPERCOMPRESSIBLE_RIKS completed with solver errors in its .msg file: ***ERROR: TOO MANY ATTEMPTS MADE FOR THIS INCREMENT; ***ERROR: THE ANALYSIS HAS BEEN TERMINATED DUE TO PREVIOUS ERRORS. ALL OUTPUT')
0.787957102060318,0.3963049694895744,0.0015260336617939,0.0175102564767003,0.0436852567922323,2.0,,ok,0,0.0,0.0,0.0026934876288942,0.0033542010359912,0.0001255543466514,1,0.0493202457705913,0.00181686936412,0,22.4998732345468,20.559758620683912,0.0,0.0289040593994134,0.00181686936412,per_frame,0,252.6622976660895,0.1171062260387323,0.5628589391708374,4.243537425994873,48.27605813094573,D008,supercompressible-material,2026-08-26T04:47:47+00:00,192493.983,0c27df543bed42518dc955d590a3e2da,SALVAGED from a partial (non-converged) ODB: stage2 failed: RuntimeError('Abaqus job SUPERCOMPRESSIBLE_RIKS completed with solver errors in its .msg file: ***ERROR: TOO MANY ATTEMPTS MADE FOR THIS INCREMENT; ***ERROR: THE ANALYSIS HAS BEEN TERMINATED DUE TO PREVIOUS ERRORS. ALL OUTPUT')
0.5013843437386676,0.1290335814168811,0.0062228929108484,0.0199981509467321,0.027203856004474,2.0,,ok,1,1.0,0.0,0.1221363802642971,0.1480820031845152,0.0570806484350175,1,0.9409492641736388,0.0136133367195725,1,12.535767558565178,11.704732447660296,0.0,0.9409492641736388,0.0445841625332832,per_frame,0,748.7454288732235,0.1550300458537149,1.6589574813842771,9.041919708251951,41.4995552471824,D008,supercompressible-material,2026-08-26T04:48:22+00:00,99254.383,1f62a5eb5ed84399bcc096bc692ce962,
0.5324052544158041,0.1124519713627676,0.0057024062772028,0.0161652812330739,0.0305603554769031,2.0,,ok,1,1.0,0.0,0.4181361264243594,0.0872508618688849,0.0404591235060285,1,0.9087174808966824,0.0185968652367591,1,16.467553107783587,14.533936654062924,0.0,0.9087174808966824,0.0463737100362777,per_frame,0,588.931792602408,0.1624043111635892,1.8596237897872925,9.590957641601562,39.96945205099707,D008,supercompressible-material,2026-08-26T04:49:55+00:00,117971.869,59a0103124af4f72bb9c54e5ee0c7ab7,
0.4721869453349929,0.0,0.005982424681694,0.0207409656266898,0.0266108090005149,2.0,,ok,1,1.0,0.0,0.0887756822418044,0.1198585266095524,0.0459847645462025,1,0.9486209038298808,0.012675910256803,1,11.38295472433006,10.23248614883349,0.0,0.0676622712190402,0.0392167903482914,per_frame,0,703.0746401518521,0.1485286149518934,1.4918471574783323,8.552326202392578,49.72601264859335,D008,supercompressible-material,2026-08-26T04:51:04+00:00,108683.502,aad7fc87a8fd45c29c4eefe20858b33c,
1.1788638843223451,0.141630719974637,0.0075985444094985,0.0130535094123333,0.01206292594783,3.0,,ok,0,0.0,0.0,0.1299520493653568,0.147496312993937,0.0629466334381275,1,0.6667952744700693,0.0180941596627235,0,45.15505551359688,99.3585219741592,0.0,0.0475291249058325,0.0180941596627235,per_frame,0,1403.145156910805,0.1074389118442907,2.054282188415528,17.066184997558594,31.615514989821385,D008,supercompressible-material,2026-08-26T04:51:19+00:00,412231.411,29cddd0edbe94e6390058955466ecde6,SALVAGED from a partial (non-converged) ODB: stage2 failed: RuntimeError('Abaqus job SUPERCOMPRESSIBLE_RIKS completed with solver errors in its .msg file: ***ERROR: TOO MANY ATTEMPTS MADE FOR THIS INCREMENT; ***ERROR: THE ANALYSIS HAS BEEN TERMINATED DUE TO PREVIOUS ERRORS. ALL OUTPUT')
0.5303695688076431,0.0672432051508117,0.0045103471295725,0.0200032789848225,0.0253774586268467,2.0,,ok,1,1.0,0.0,0.0419557018266496,0.0563238733272678,0.020347707237486,1,0.8841649317064412,0.0094322999939322,1,13.257065734324335,14.036154426358369,0.0,0.0601769126742815,0.0289017092436552,per_frame,0,574.2103328646552,0.1565583864046127,1.8405053615570068,9.915526390075684,41.89694662664031,D008,supercompressible-material,2026-08-26T04:54:03+00:00,123270.135,a9f75aacee0d47cf9d18785e44b50c5d,
0.5052441422426499,0.0317499239939516,0.004445266323877,0.0216543772022568,0.0290581250193257,2.0,,ok,1,1.0,0.0,0.2647447701616875,0.0562729437454784,0.0217527015044349,1,0.9471896291454964,0.0121903447434306,1,11.666097286556733,10.27612910338576,0.0,0.9471896291454964,0.0304626543074846,per_frame,0,583.6144229203976,0.1583283660967312,1.7054187059402466,9.065984725952148,45.36635406900487,D008,supercompressible-material,2026-08-26T04:56:23+00:00,118020.19,6f969d71e2d5478fb19f170366c9faa1,
0.5375715965225113,0.1349063090372738,0.0063267065542712,0.0204123448417162,0.0677734139064386,1.0,,ok,0,0.0,0.0,35.93262702417598,0.1662214225651755,0.0572110671367451,1,0.696389626738006,0.0137933809310197,0,13.167806067627453,21.165114552852,0.0,0.696389626738006,0.0137933809310197,per_frame,0,833.0827617471741,0.3126783777944324,7.654954433441162,16.82692527770996,43.42018103691578,D008,supercompressible-material,2026-08-26T04:57:09+00:00,88577.633,541a7a1cd2f144638cd1d7436377a6e1,SALVAGED from a partial (non-converged) ODB: stage2 failed: RuntimeError('Abaqus job SUPERCOMPRESSIBLE_RIKS completed with solver errors in its .msg file: ***ERROR: TOO MANY ATTEMPTS MADE FOR THIS INCREMENT; ***ERROR: THE ANALYSIS HAS BEEN TERMINATED DUE TO PREVIOUS ERRORS. ALL OUTPUT')
0.6084638195242039,0.1140035542814341,0.0057583082205313,0.0123126783539187,0.0250021182015324,2.0,,ok,0,0.0,0.0,0.05046122509328,0.0638826720911789,0.0219678932386412,1,0.5469637547138232,0.0102777415886521,0,24.708832718372268,30.46354522557805,0.0,0.0636946090358364,0.0102777415886521,per_frame,0,517.6824559291713,0.1484242132164253,1.9187108278274536,11.008498191833496,48.80302757017602,D008,supercompressible-material,2026-08-26T04:58:51+00:00,113483.246,cf51e08935a4496584c8fd10b26eebf7,SALVAGED from a partial (non-converged) ODB: stage2 failed: RuntimeError('Abaqus job SUPERCOMPRESSIBLE_RIKS completed with solver errors in its .msg file: ***ERROR: TOO MANY ATTEMPTS MADE FOR THIS INCREMENT; ***ERROR: THE ANALYSIS HAS BEEN TERMINATED DUE TO PREVIOUS ERRORS. ALL OUTPUT')
0.613356069244883,0.1117627813963525,0.0058701950390227,0.0157804451753067,0.0278073460841611,2.0,,ok,1,1.0,0.0,0.3180423856194966,0.0927809656248513,0.0427806813331728,1,0.9434487942015912,0.0184984505176544,1,19.434054693357503,21.7163486026255,0.0,0.9434487942015912,0.0361365266144275,per_frame,0,681.8136551255429,0.1677707004811586,2.3550281524658203,11.68215560913086,33.08068258083574,D008,supercompressible-material,2026-08-26T05:03:01+00:00,164089.272,933e419f5cc44c53bd3f9062b8e98de4,
0.4925125872387873,0.0073953073094215,0.0044441410864562,0.0233025544767329,0.0262052539395968,2.0,,ok,1,1.0,0.0,0.0438890703513115,0.0600714417206049,0.0213855866751001,1,0.9491836471017442,0.0092235235497355,1,10.56778105015376,10.061970215599429,0.0,0.0583561491139719,0.0236888844519853,per_frame,0,612.0542954265384,0.1521510240248693,1.6193363666534424,9.0236177444458,47.36170503049338,D008,supercompressible-material,2026-08-26T05:03:31+00:00,125960.18,e7a4d69ea9224c0197f6fbebbda3264e,
0.4834132663269158,0.0016551630699091,0.0059795595314524,0.0200020713754891,0.0241006704820452,2.0,,ok,1,1.0,0.0,0.0858316683335535,0.1157204980891631,0.0443130778510253,1,0.9364251092637864,0.0124365929514169,1,12.08408012480391,12.27929109503304,0.0,0.0661169595118094,0.0275042410939931,per_frame,0,693.81546720716,0.1472546964799342,1.5537282228469849,8.997570037841797,48.96822119033311,D008,supercompressible-material,2026-08-26T05:04:48+00:00,122830.903,b04ecaff2ebb4988b82420ac4b310a73,
0.4722978886759303,0.0568560238122267,0.0044398889943839,0.0202920511643707,0.0266349357469191,2.0,,ok,0,0.0,0.0,0.3390872811637743,0.0535185021970346,0.0175611980627365,1,0.6704076108391628,0.0087965559214353,0,11.637509802488598,10.454293039666444,0.0,0.6704076108391628,0.0087965559214353,per_frame,0,510.6170484841814,0.1435135472877932,1.4110664129257202,8.421220779418945,52.0605264172814,D008,supercompressible-material,2026-08-26T05:05:50+00:00,95463.083,55b0562bbea349cba04e4fe4a71a0cee,SALVAGED from a partial (non-converged) ODB: stage2 failed: RuntimeError('Abaqus job SUPERCOMPRESSIBLE_RIKS completed with solver errors in its .msg file: ***ERROR: TOO MANY ATTEMPTS MADE FOR THIS INCREMENT; ***ERROR: THE ANALYSIS HAS BEEN TERMINATED DUE TO PREVIOUS ERRORS. ALL OUTPUT')
0.4914437973485256,0.1095039323341621,0.0059035949039729,0.0188546148477204,0.020167958670575,2.0,,ok,1,1.0,0.0,0.0881046844577424,0.118118432565081,0.0448707203277316,1,0.9174644740034458,0.0125439958646893,1,13.032453893056928,16.088233893295182,0.0,0.0637868687884572,0.0166229512542486,per_frame,0,656.4313569477328,0.1440898077823729,1.5818020105361938,9.396087646484377,43.74987451486049,D008,supercompressible-material,2026-08-26T05:06:55+00:00,105122.468,1bbf52a1a3654ef98cead9e8f54826f2,
0.5053012266698198,0.0199408645175063,0.0045119291664742,0.0200276730141337,0.0280277134421559,2.0,,ok,0,0.0,0.0,775.4953915543862,0.0531110655427194,0.0175054439099859,1,0.6664015345809768,0.0088459253311157,0,12.615075808188587,11.521865669305624,0.0,0.6664015345809768,0.0088459253311157,per_frame,0,547.9290971195335,0.1498864481451595,1.5989779233932495,9.068950653076172,51.67694353728841,D008,supercompressible-material,2026-08-26T05:07:50+00:00,101013.833,2b468edf1a76477693449d05cf18c715,SALVAGED from a partial (non-converged) ODB: stage2 failed: RuntimeError('Abaqus job SUPERCOMPRESSIBLE_RIKS completed with solver errors in its .msg file: ***ERROR: TOO MANY ATTEMPTS MADE FOR THIS INCREMENT; ***ERROR: THE ANALYSIS HAS BEEN TERMINATED DUE TO PREVIOUS ERRORS. ALL OUTPUT')
0.4971088585792994,0.0933074820023787,0.0062399138593041,0.0186329108870772,0.0288513965913959,2.0,,ok,1,1.0,0.0,0.5389579027088038,0.1304391472263016,0.0560326422547278,1,0.9288389798616944,0.0183716919273138,1,13.339538346744993,11.643826366186136,0.0,0.9288389798616944,0.0486557409167289,per_frame,0,693.5727948975133,0.1571762034537613,1.6486411094665527,8.840485572814941,43.51199157889023,D008,supercompressible-material,2026-08-26T05:09:12+00:00,115196.365,8a94b4cf5d9e401aaf9e7c484110abd0,
0.6083176590326423,0.1144621729758603,0.0057387696847955,0.014348389888467,0.0300535547006981,2.0,,ok,1,1.0,0.0,0.2282270777544248,0.0771073868291614,0.0358513426858567,1,0.9154517282238314,0.0176478829234838,1,21.198115738463336,21.73712459045871,0.0,0.9154517282238314,0.0375015027821064,per_frame,0,601.0818780392593,0.1695974586681785,2.3246638774871826,11.382286071777344,33.45954888763359,D008,supercompressible-material,2026-08-26T05:10:53+00:00,159584.92,790f831d088f42fd9108275ece2b9ad4,
0.4830348367808598,0.0124421085213835,0.0059975853747563,0.0207070795729165,0.0204912620505473,2.0,,ok,1,1.0,0.0,0.0919617479354418,0.1240771936344416,0.0470522564423727,1,0.9398387107694104,0.0125467237085103,1,11.663519113835726,13.92866876208146,0.0,0.0672578774844426,0.0125806229189038,per_frame,0,719.8715177656719,0.1427450283352974,1.544407606124878,9.27493667602539,48.61152803069557,D008,supercompressible-material,2026-08-26T05:10:55+00:00,112827.831,1d772de820c347b5997f4d861e56f9a8,
0.5401240801717501,0.1297478268236951,0.0064265568494328,0.0190554471792917,0.0311239318243183,2.0,,ok,1,1.0,0.0,0.6187666899946426,0.1518932335550891,0.0672195118779856,1,0.9258474073013604,0.0198096185922622,1,14.17243256192706,12.459876636298404,0.0,0.9258474073013604,0.0506810881197452,per_frame,0,793.7290661930316,0.1641787335421778,1.908914566040039,9.71813678741455,38.08275416120912,D008,supercompressible-material,2026-08-26T05:12:29+00:00,139563.855,181cd281c3ee4930b90a6ff53e4ae31a,
0.5029708665697674,0.1103278452694839,0.0056549528363158,0.0160903617834943,0.0308515439538996,2.0,,ok,1,1.0,0.0,0.478787437225366,0.0841441573797311,0.0403835572106736,1,0.900058131151582,0.0191094484180212,1,15.629569842417064,12.908720921327964,0.0,0.900058131151582,0.0526397936046123,per_frame,0,549.1852602690399,0.1590736950754615,1.6852318048477173,8.90880012512207,42.60858666114396,D008,supercompressible-material,2026-08-26T05:12:49+00:00,106255.97,d6d7ed97a0884246802801d55e0903f5,
0.4987176089810973,0.148580076004663,0.0063003677200723,0.019383475023481,0.027878602215159,2.0,,ok,1,1.0,0.0,0.3475027420619489,0.1507855151511695,0.060050397300334,1,0.936627862773628,0.0160226132720708,1,12.864504645760206,11.658616979883266,0.0,0.936627862773628,0.0460030063986778,per_frame,0,730.8588084707761,0.1560220560982048,1.6472903490066528,8.910770416259766,40.90315474723829,D008,supercompressible-material,2026-08-26T05:13:39+00:00,105633.502,a2ca238a6656466da23452699318e360,
0.4984331278671166,0.1138465878017704,0.0061338921545927,0.0183167850823439,0.027946496679708,2.0,,ok,0,0.0,0.0,451.1704017935165,0.1251000294020455,0.0422877649202562,1,0.6284518368444164,0.0118857892230153,0,13.6059118897336,12.293553609021568,0.0,0.6284518368444164,0.0118857892230153,per_frame,0,672.0065890012002,0.146250167593141,1.4987833499908447,8.749296188354492,49.65420136249735,D008,supercompressible-material,2026-08-26T05:14:18+00:00,84707.241,e845b929668c49f6b03c21928f977c38,SALVAGED from a partial (non-converged) ODB: stage2 failed: RuntimeError('Abaqus job SUPERCOMPRESSIBLE_RIKS completed with solver errors in its .msg file: ***ERROR: TOO MANY ATTEMPTS MADE FOR THIS INCREMENT; ***ERROR: THE ANALYSIS HAS BEEN TERMINATED DUE TO PREVIOUS ERRORS. ALL OUTPUT')
0.5487018996142874,0.1161789596743099,0.0058569185712384,0.015349434934538,0.0309961724691684,2.0,,ok,1,1.0,0.0,0.3218911516822044,0.0883840450636992,0.0407079143194495,1,0.9013441446665766,0.0183070283383131,1,17.873684013593305,16.029232555396575,0.0,0.9013441446665766,0.0477542728185653,per_frame,0,591.9421806929254,0.164243477660454,1.955445647239685,9.95032787322998,38.45631016088917,D008,supercompressible-material,2026-08-26T05:15:50+00:00,119487.763,b818e5277545423580ab2eeb51348bed,
0.5023527828512317,0.108707529802596,0.0058886021065556,0.0156001321470495,0.0310344978084888,2.0,,ok,1,1.0,0.0,0.4576167650123723,0.0901878010854073,0.0435602631144251,1,0.8948622716445195,0.0199703499674797,1,16.100914342134043,13.203372888881,0.0,0.8948622716445195,0.0560818500816822,per_frame,0,553.7714296166293,0.158852812667474,1.68022358417511,8.897011756896973,42.74978941201604,D008,supercompressible-material,2026-08-26T05:16:40+00:00,111790.986,d034114235bf4b21b6a9de745ebf6ac5,
0.6408671562711956,0.0970004711505189,0.0058421605589017,0.0180087917382131,0.0297429416391076,2.0,,ok,0,0.0,0.0,0.6348261950479323,0.1061075395264126,0.0316631709448699,1,0.4914301823530886,0.009850338101387,0,17.793174733408932,19.4226193446956,0.0,0.4914301823530886,0.009850338101387,per_frame,0,809.1095463198268,0.1542170643053526,2.029107093811035,11.12836742401123,50.521619096826925,D008,supercompressible-material,2026-08-26T05:17:38+00:00,114197.759,012526e060e648b280d6ab292549382b,SALVAGED from a partial (non-converged) ODB: stage2 failed: RuntimeError('Abaqus job SUPERCOMPRESSIBLE_RIKS completed with solver errors in its .msg file: ***ERROR: TOO MANY ATTEMPTS MADE FOR THIS INCREMENT; ***ERROR: THE ANALYSIS HAS BEEN TERMINATED DUE TO PREVIOUS ERRORS. ALL OUTPUT')
0.4964448390961982,0.1143390207205287,0.0061595447601233,0.0183201904739546,0.025626015547268,2.0,,ok,1,1.0,0.0,0.3715930519969556,0.1273748840553056,0.0522267864848001,1,0.9497261096111924,0.0166654605418443,1,13.549117838102749,13.29753658329602,0.0,0.9497261096111924,0.0407319106161594,per_frame,0,672.2500550875066,0.1525632271746443,1.6303176879882812,9.055859565734863,42.84247838343229,D008,supercompressible-material,2026-08-26T05:19:10+00:00,105972.129,1cdbb84f7ec449ee9ae6ec43d873bceb,
0.6401009112875323,0.1920705943496064,0.0075045280200891,0.0183081442749391,0.0154013915238753,2.0,,ok,0,0.0,0.0,0.1946964142689859,0.2452344245796239,0.0671070601953384,1,0.4121419041829195,0.0112877432256937,0,17.481316010922132,36.80720726463572,0.0,0.0571310405200687,0.0112877432256937,per_frame,0,1055.352154753772,0.1311431768344874,1.6510074138641355,10.938343048095703,52.768231032211474,D008,supercompressible-material,2026-08-26T06:40:08+00:00,103490.234,ea9b42d5a59a45e5a92648448fb24b2e,SALVAGED from a partial (non-converged) ODB: stage2 failed: RuntimeError('Abaqus job SUPERCOMPRESSIBLE_RIKS completed with solver errors in its .msg file: ***ERROR: TOO MANY ATTEMPTS MADE FOR THIS INCREMENT; ***ERROR: THE ANALYSIS HAS BEEN TERMINATED DUE TO PREVIOUS ERRORS. ALL OUTPUT')
0.605221487237082,0.0913123706669644,0.0060853396810122,0.0199306383012126,0.0279774412590035,2.0,,ok,1,1.0,0.0,0.1181234974043324,0.1337283493835341,0.0525196058588355,1,0.9468064549306688,0.0136787053197622,1,15.183193786629966,16.639479610031902,0.0,0.9468064549306688,0.029585164040327,per_frame,0,880.8493080958896,0.1681701226006592,2.310908079147339,11.430582046508787,33.984645016637934,D008,supercompressible-material,2026-08-26T06:40:44+00:00,139035.838,2119ca0fb052478f98ea9d2d90b18c64,
0.4791417450057529,0.0097478268236951,0.0059934344878605,0.0200203899979075,0.0276588093052866,2.0,,ok,1,1.0,0.0,0.4883373166536889,0.1163656061251623,0.0480692616839635,1,0.9444428029346864,0.0166961438953876,1,11.966343938750244,10.501764385343222,0.0,0.9444428029346864,0.0423322319984436,per_frame,0,689.9117668057603,0.1513869558673886,1.536903738975525,8.615250587463379,48.75121224020442,D008,supercompressible-material,2026-08-26T06:41:18+00:00,116289.995,9db9e4806b8945a6b16ce4c5c2108f61,
0.5354200914994709,0.0745456833574592,0.0047265568494328,0.0200169465078855,0.0276573954634233,2.0,,ok,0,0.0,0.0,7.309563133290044,0.0645405125226254,0.0207570929738544,1,0.622585675141255,0.0090652182698249,0,13.374170013606882,13.11657609164716,0.0,0.622585675141255,0.0090652182698249,per_frame,0,607.8810772005883,0.1508601467771708,1.7075849771499634,9.611408233642578,48.93272639795818,D008,supercompressible-material,2026-08-26T06:42:06+00:00,103590.627,466ea1d2f58c4add9284c03d2cdc1008,SALVAGED from a partial (non-converged) ODB: stage2 failed: RuntimeError('Abaqus job SUPERCOMPRESSIBLE_RIKS completed with solver errors in its .msg file: ***ERROR: TOO MANY ATTEMPTS MADE FOR THIS INCREMENT; ***ERROR: THE ANALYSIS HAS BEEN TERMINATED DUE TO PREVIOUS ERRORS. ALL OUTPUT')
0.4791194842074306,0.0097478268236951,0.0059909445631754,0.0200186100376173,0.0276603269794739,2.0,,ok,1,1.0,0.0,0.4901842402804554,0.1162170615116098,0.0480374409392907,1,0.9444711578472768,0.0167130157351493,1,11.966851926959665,10.501146058887766,0.0,0.9444711578472768,0.0423504114151001,per_frame,0,689.5317987364916,0.1513798214413379,1.5367088317871094,8.614636421203613,48.75346623953647,D008,supercompressible-material,2026-08-26T06:43:15+00:00,113644.998,643e4eb886b347168f4e1c72dc403113,
0.497067832646889,0.1148678972579531,0.0062400318637734,0.0183237448161079,0.0279235222411286,2.0,,ok,1,1.0,0.0,0.6127968010960884,0.1313686120939582,0.0584210084744909,1,0.9382527008995528,0.0195705648511648,1,13.563489276764235,12.2317092010817,0.0,0.9382527008995528,0.0440148748457431,per_frame,0,682.0213144722898,0.1560127826077833,1.643236756324768,8.889469146728516,42.655807095092,D008,supercompressible-material,2026-08-26T06:44:03+00:00,113124.095,4279b271af474b4db7fc278c07982d2f,
0.534885859013227,0.0743184367360993,0.0047265568494328,0.0200182545906817,0.0276578684145985,2.0,,ok,1,1.0,0.0,0.1693808493472691,0.0645235359953622,0.0245282776902623,1,0.946247585893476,0.0118838623166084,1,13.359952452153603,13.089334966412023,0.0,0.946247585893476,0.0321143269538879,per_frame,0,607.3142290963984,0.160347780874105,1.8769819736480715,9.82871150970459,41.12304807727248,D008,supercompressible-material,2026-08-26T06:45:22+00:00,139775.22,f49ba68c1ab84186bdb2ef4535e957d1,
0.4844305065060418,0.1080907808411027,0.0061476034187358,0.0182493988687183,0.0276665059767064,2.0,,ok,1,1.0,0.0,0.455792264643681,0.1242978884888623,0.0522015090933512,1,0.9312433039343428,0.0173817537724971,1,13.272505850491722,11.773358098868028,0.0,0.9312433039343428,0.0472903996706008,per_frame,0,652.1794910556348,0.1535632952721752,1.567033052444458,8.637443542480469,44.05875613715076,D008,supercompressible-material,2026-08-26T06:45:42+00:00,109164.894,d7f4cd5f5c824d45bc1108901e84acb3,
0.4965915288537901,0.1175059098264804,0.0061166401231249,0.0193900219401155,0.0225919466836878,2.0,,ok,1,1.0,0.0,0.1010988309679267,0.1355066406143475,0.0518302388720934,1,0.9489671469293872,0.0130381174385547,1,12.805336950816017,14.259586171677878,0.0,0.0623537057944169,0.0251319240778684,per_frame,0,706.75970792981,0.1482683369303697,1.6185424327850342,9.297762870788574,42.70619749222943,D008,supercompressible-material,2026-08-26T06:46:49+00:00,121828.93,3750d5d8858747058bf9bceff7686024,
0.4978159904689769,0.1195429313138822,0.0061644311793909,0.0195378945958411,0.024498750057772,2.0,,ok,1,1.0,0.0,0.1041142330015027,0.1394918803893686,0.0534189323849353,1,0.943884103708533,0.0131235737353563,1,12.73975524913886,13.114636544618415,0.0,0.0639817277015722,0.0304232705384492,per_frame,0,719.483534288878,0.1511382781345791,1.6328173875808716,9.170649528503418,42.38968647620825,D008,supercompressible-material,2026-08-26T06:47:28+00:00,108068.833,ae97c8869ec746a5b5cbfcdcd837a685,
0.4959166978509123,0.116151099547099,0.0060675349304881,0.0188685155998761,0.0220129052195694,2.0,,ok,0,,,,0.0,,0,0.0,1.0,0,13.141380815726892,14.998320417429616,,,,,0,681.3025242769937,,,,,D008,supercompressible-material,2026-08-26T06:48:30+00:00,4293.59,,"stage1 failed: CalledProcessError(1, ['abaqus', 'cae', 'noGUI=<path>/preprocess.py', '-mesa'])"
0.497125604234491,0.1148722364801437,0.0062338972131062,0.0183257444663038,0.0279033706188786,2.0,,ok,0,,,,0.1310375698123271,,1,0.0,1.0,0,13.5635855107707,12.24205236909774,,,,,0,681.5043646245604,,,,,D008,supercompressible-material,2026-08-26T06:48:33+00:00,118707.722,,"stage2 failed: CalledProcessError(1, ['abaqus', 'cae', 'noGUI=<path>/post.py', '-mesa']) | salvage also failed: CalledProcessError(1, ['abaqus', 'cae', 'noGUI=<path>/post.py', '-mesa'])"
0.4982761527015134,0.1053403895666085,0.0061474049752405,0.0181349919643003,0.0276696157492107,2.0,,ok,0,,,,0.0,,0,0.0,1.0,0,13.737975558037084,12.533142360517347,,,,,0,666.5926800507098,,,,,D008,supercompressible-material,2026-08-26T06:49:38+00:00,16499.832,,"stage1 failed: CalledProcessError(1, ['abaqus', 'cae', 'noGUI=<path>/preprocess.py', '-mesa'])"
0.4819017814190768,0.1138531453397619,0.0061427073516698,0.0179134860156695,0.0277764677016871,2.0,,ok,1,1.0,0.0,0.4892127546481079,0.1219466394629181,0.0521481469193441,1,0.9286233866254628,0.0179280787706375,1,13.450809658085028,11.822251702804216,0.0,0.9286233866254628,0.0516755953431129,per_frame,0,636.326063678449,0.1526045921150947,1.5523191690444946,8.61984634399414,44.11634331350853,D008,supercompressible-material,2026-08-26T06:52:19+00:00,124127.231,0fbbb2c78ddb418aaefb4d5967b3f1f1,
0.4970702716254234,0.1187563005226095,0.0061299034367463,0.0197994464326956,0.022528912153331,2.0,,ok,1,1.0,0.0,0.1044486795384616,0.1400987912390257,0.0533557089529199,1,0.948239272473658,0.0130683183670043,1,12.552630532250372,14.03080450592604,0.0,0.0665878164790806,0.0218906179070472,per_frame,0,723.9452406957876,0.1480388049887294,1.6187827587127686,9.31607151031494,42.57853493778829,D008,supercompressible-material,2026-08-26T06:52:53+00:00,100883.315,4a3ee4182b4c4b0982b8b49493d7b4c3,
0.5868343196308116,0.1145788966473337,0.0061546962292517,0.0182865521813799,0.0279803810129854,2.0,,ok,0,0.0,0.0,1202.3171179382311,0.1273027338144373,0.0407707709885449,1,0.553118256340172,0.0111429579555988,0,16.04551568305884,17.0484860615597,0.0,0.553118256340172,0.0111429579555988,per_frame,0,792.5655716668248,0.1513200535887378,1.85548746585846,10.406518936157228,48.17199478338458,D008,supercompressible-material,2026-08-26T06:54:33+00:00,121722.173,ae888635ae2b431cb3d8fdedae06815e,SALVAGED from a partial (non-converged) ODB: stage2 failed: RuntimeError('Abaqus job SUPERCOMPRESSIBLE_RIKS completed with solver errors in its .msg file: ***ERROR: TOO MANY ATTEMPTS MADE FOR THIS INCREMENT; ***ERROR: THE ANALYSIS HAS BEEN TERMINATED DUE TO PREVIOUS ERRORS. ALL OUTPUT')
0.4893498008728663,0.1161390690537904,0.0057232117253349,0.0181080014806127,0.0280215012861481,2.0,,ok,1,1.0,0.0,0.6162794083064908,0.1019482903469444,0.0472500318451378,1,0.937187347779773,0.0194507651031017,1,13.511977050498515,11.954107978277037,0.0,0.937187347779773,0.0485801324248313,per_frame,0,608.5706393432142,0.1543747441963475,1.6014631986618042,8.772404670715332,43.398944448910726,D008,supercompressible-material,2026-08-26T06:55:26+00:00,113738.173,8f22c304f27e40a2a15f07f14a163161,
0.4966960275208407,0.1148947185721459,0.0061021596025738,0.018204766320666,0.0280293872212764,2.0,,ok,1,1.0,0.0,0.5145478387326529,0.1224856442035226,0.0528339009602675,1,0.9332423143341751,0.0182907246053218,1,13.641922636408482,12.246808432259003,0.0,0.9332423143341751,0.0480121038854122,per_frame,0,662.1259419130394,0.155871978601794,1.6425517797470093,8.89527416229248,42.71250569643093,D008,supercompressible-material,2026-08-26T06:56:25+00:00,108462.37,8c13cc0f182543c78be4985312d4d891,
0.5326847321032799,0.1297819473634985,0.0062214206177444,0.0203310585530985,0.0316405729863897,2.0,,ok,1,1.0,0.0,0.6460499261688529,0.1499833742379863,0.0648344481818672,1,0.9286392951961294,0.0190060511231422,1,13.100270473179457,11.173170622570698,0.0,0.9286392951961294,0.0500667355954647,per_frame,0,808.5391441329846,0.1646512924532256,1.869756102561951,9.486098289489746,38.53823062472742,D008,supercompressible-material,2026-08-26T06:57:38+00:00,127969.953,47facf20e3c342b692ebe3c32272f997,
0.4957526115666931,0.1162517041431118,0.0060653503136352,0.019382390697105,0.0207297899429458,2.0,,ok,0,,,,0.132650339902325,,1,0.0,1.0,0,12.788737450244962,15.494160120914076,,,,,1,699.3740107183186,,,,,D008,supercompressible-material,2026-08-26T06:57:44+00:00,615528.768,,stage2 EXCEEDED THE 600 s PER-SOLVE BUDGET (terminated): TimeoutError('Did not find Begin Analysis Input File Processor in .log file (<path>/riks_8fa2af9d7b2848908f51cd9f18b8368e) within 600 seconds')
0.5324104632004417,0.15758966286886,0.0063705675026478,0.0194037513847042,0.0232820718605176,2.0,,ok,0,0.0,0.0,5.379213977230773,0.1596897037006841,0.0517109477212689,1,0.5859317168234678,0.0119737554341554,0,13.719266255393649,15.893739849716304,0.0,0.5859317168234678,0.0119737554341554,per_frame,0,789.7536672754615,0.1420029235785578,1.5866966247558594,9.586993217468262,47.366987380282254,D008,supercompressible-material,2026-08-26T06:59:51+00:00,94443.831,f0bd6f58e4054d4590923baf58eafbed,SALVAGED from a partial (non-converged) ODB: stage2 failed: RuntimeError('Abaqus job SUPERCOMPRESSIBLE_RIKS completed with solver errors in its .msg file: ***ERROR: TOO MANY ATTEMPTS MADE FOR THIS INCREMENT; ***ERROR: THE ANALYSIS HAS BEEN TERMINATED DUE TO PREVIOUS ERRORS. ALL OUTPUT')
0.5682003978132524,0.1437202491055753,0.0065279867260606,0.019334381488799,0.0259395354453579,2.0,,ok,0,0.0,0.0,1302.11945255718,0.1666288592194907,0.0539563096462287,1,0.5698197029911254,0.0120520871132612,0,14.694041237947754,16.306128210959425,0.0,0.5698197029911254,0.0120520871132612,per_frame,0,860.5821337604008,0.147969836914667,1.763764500617981,10.15599250793457,46.87175371675038,D008,supercompressible-material,2026-08-26T06:59:56+00:00,99052.071,ee3beaa0051d4b7c8287a23b76f47a94,SALVAGED from a partial (non-converged) ODB: stage2 failed: RuntimeError('Abaqus job SUPERCOMPRESSIBLE_RIKS completed with solver errors in its .msg file: ***ERROR: TOO MANY ATTEMPTS MADE FOR THIS INCREMENT; ***ERROR: THE ANALYSIS HAS BEEN TERMINATED DUE TO PREVIOUS ERRORS. ALL OUTPUT')
0.5587236949294128,0.1144077649008062,0.0060849337503762,0.0206811350018669,0.0301776350949064,2.0,,ok,0,0.0,0.0,12.877431347192832,0.1423269604423122,0.0456140301502976,1,0.5795610089969402,0.0113432900980114,0,13.508052021298028,12.669949107312233,0.0,0.5795610089969402,0.0113432900980114,per_frame,0,843.7398465396456,0.1532830271890767,1.7718344926834106,9.787400245666504,47.74242662658519,D008,supercompressible-material,2026-08-26T06:59:58+00:00,101801.522,cffd6ed2e318413eab32c17b00dea167,SALVAGED from a partial (non-converged) ODB: stage2 failed: RuntimeError('Abaqus job SUPERCOMPRESSIBLE_RIKS completed with solver errors in its .msg file: ***ERROR: TOO MANY ATTEMPTS MADE FOR THIS INCREMENT; ***ERROR: THE ANALYSIS HAS BEEN TERMINATED DUE TO PREVIOUS ERRORS. ALL OUTPUT')
0.5822651428445496,0.1154170453738,0.0064225551793427,0.0210010688967396,0.0268500534433976,2.0,,ok,0,0.0,0.0,0.1305850004660422,0.1703424745583016,0.0559465128162045,1,0.5965063708807009,0.0120290173217654,0,13.862750170181696,15.22983832498463,0.0,0.0563384481281311,0.0120290173217654,per_frame,0,942.4347295895004,0.1525503163655352,1.8992291688919067,10.55062484741211,45.639289718324754,D008,supercompressible-material,2026-08-26T07:00:01+00:00,103502.292,fa59a612c014449aa2db262e5b133656,SALVAGED from a partial (non-converged) ODB: stage2 failed: RuntimeError('Abaqus job SUPERCOMPRESSIBLE_RIKS completed with solver errors in its .msg file: ***ERROR: TOO MANY ATTEMPTS MADE FOR THIS INCREMENT; ***ERROR: THE ANALYSIS HAS BEEN TERMINATED DUE TO PREVIOUS ERRORS. ALL OUTPUT')
0.5535861732601441,0.084416617174032,0.0067100778634549,0.0199458389174331,0.0309232541877881,2.0,,ok,0,0.0,0.0,0.6135661536041985,0.1721080333936677,0.0587746024318601,1,0.6211146542808635,0.0127963488921523,0,13.877234634044292,12.58557999166234,0.0,0.6211146542808635,0.0127963488921523,per_frame,0,889.0912732102673,0.1554205826022565,1.803205847740173,9.798898696899414,47.583652662362006,D008,supercompressible-material,2026-08-26T07:00:21+00:00,117357.556,333902b6f68c451b9c84ef8c0a3b32ff,SALVAGED from a partial (non-converged) ODB: stage2 failed: RuntimeError('Abaqus job SUPERCOMPRESSIBLE_RIKS completed with solver errors in its .msg file: ***ERROR: TOO MANY ATTEMPTS MADE FOR THIS INCREMENT; ***ERROR: THE ANALYSIS HAS BEEN TERMINATED DUE TO PREVIOUS ERRORS. ALL OUTPUT')
0.5446308153211392,0.135430824566963,0.00578121006687,0.0212666666471351,0.0229451407957927,2.0,,ok,1,1.0,0.0,0.1003541582100174,0.1328116169113248,0.0495165842922798,1,0.9304703914000536,0.0123937781900167,1,12.804799745015671,15.397653172990369,0.0,0.0590573445110828,0.0176509115844964,per_frame,0,803.5291381193447,0.1545960865704119,1.898644208908081,10.38267707824707,37.47294550207906,D008,supercompressible-material,2026-08-26T07:00:22+00:00,124696.46,695fa7844865434f97ca386e00671251,
0.5428764261543073,0.1266571920107629,0.0067360524653347,0.0207853172136236,0.0238446255464212,2.0,,ok,1,1.0,0.0,0.1481876122130175,0.1951069837034005,0.0756418068972846,1,0.9321735231857584,0.0144380442798137,1,13.059132573605387,15.06243085559034,0.0,0.0567431785105348,0.0224058870226144,per_frame,0,912.1039726298932,0.155448257500155,1.8915921449661253,10.277036666870115,38.03771923130614,D008,supercompressible-material,2026-08-26T07:00:28+00:00,130788.117,6b1867a5e0a842dfa007cc269f1d9772,
0.5339361623986878,0.1135396252166059,0.0061613814276905,0.0214532723742116,0.0231297758314863,2.0,,ok,1,1.0,0.0,0.1175233109740655,0.1559676000982416,0.0589661814143558,1,0.9392726797758506,0.0131433298811316,1,12.444165931546085,14.553048086735588,0.0,0.0606388216633223,0.0192637871950864,per_frame,0,846.9196777335782,0.1535289126160962,1.839044690132141,10.139446258544922,39.31127204579759,D008,supercompressible-material,2026-08-26T07:00:31+00:00,127429.516,9d3c7a41b1d74272a71f0c02a5efeff4,
0.5726754645495928,0.154711054373863,0.006652609086007,0.0200321373913575,0.0250450215790526,2.0,,ok,1,1.0,0.0,0.1431495736120272,0.1863640721628857,0.0726303092559434,1,0.9190471706253468,0.0143877575173974,1,14.29391815165618,16.55803195845035,0.0,0.0602074211854813,0.0296315401792526,per_frame,0,915.817878714606,0.1603988003833552,2.0708186626434326,10.839618682861328,34.236695531443374,D008,supercompressible-material,2026-08-26T07:00:36+00:00,139458.099,20d64f21402c45ce98d143bf0c1dc0e5,
0.5631164414896883,0.1561643708835867,0.0065845855997206,0.020824191002338,0.0275461675677553,2.0,,ok,1,1.0,0.0,0.1446829662588932,0.1893010113794082,0.0733173602119329,1,0.947936989740194,0.0144346496090292,1,13.520727922310725,14.002557193930834,0.0,0.0585835984915228,0.0354809947311878,per_frame,0,926.5653179819064,0.1627725805042363,2.0244927406311035,10.413061141967772,34.781369523958425,D008,supercompressible-material,2026-08-26T07:00:41+00:00,137325.19,fc44365a819e4a95bfb3f25a57220e0e,
