circular,n_longerons,n_storeys,twist_angle,ratio_shear_modulus,bow_amplitude,ratio_a,ratio_b,ratio_pitch,ratio_top_diameter,sigma_crit,coilable,_delegation_id,_source,_ts,_wall_ms,max_compressive_strain,max_local_strain
2.0,3.0,1.0,0.0,0.3677,0.0557624334469437,0.0105526787489652,0.0299496477749198,0.7178790582343936,0.5780858153477311,2.1729530483631865,0,D012,supercompressible-material-creative,2026-07-07T03:03:44+00:00,208302.956,,
2.0,3.0,1.0,0.0,0.3677,0.1571657218039036,0.0070370452702045,0.0426134219719097,0.9563462490215896,0.051928480155766,0.5335722518803488,0,D012,supercompressible-material-creative,2026-07-07T03:04:03+00:00,226632.121,,
2.0,3.0,1.0,0.0,0.3677,0.0972936911508441,0.006898506000638,0.0240633502183482,0.8968034468591213,0.2619204567745328,0.3238484782033886,1,D012,supercompressible-material-creative,2026-07-07T03:17:14+00:00,1019649.72,0.0323454793428291,0.0022135872859507
2.0,3.0,1.0,0.0,0.3677,0.0020005313679575,0.0184519666135311,0.0206092684622853,0.4952259452082216,0.3704691594466567,3.3220941788048286,1,D012,supercompressible-material-creative,2026-07-07T03:17:20+00:00,1023745.837,0.4181562291232271,0.035062413662672
2.0,3.0,1.0,0.0,0.3677,0.1219907708466053,0.0041598031073808,0.0290421034954488,0.5369448905810713,0.5128402249887586,0.1609417225863403,1,D012,supercompressible-material-creative,2026-07-07T03:17:43+00:00,1048152.029,0.0640653091737597,0.0030998743604868
2.0,3.0,1.0,0.0,0.3677,0.1310940530151128,0.0082639310806989,0.0270131331728771,0.3552648037672042,0.1585786426439881,0.577753664082659,1,D012,supercompressible-material-creative,2026-07-07T03:19:01+00:00,1125213.834,0.6345238853122885,0.0163666289299726
2.0,3.0,1.0,0.0,0.3677,0.0324243260547518,0.0057796541750431,0.0104196288622915,0.6415835153311491,0.3824031578376889,0.0765768703521884,1,D012,supercompressible-material-creative,2026-07-07T03:19:33+00:00,1157524.447,0.218073655091157,0.007268404122442
2.0,3.0,1.0,0.0,0.3677,0.0448440680280327,0.0140968657732009,0.0355230130581185,0.3162876705639064,0.0175030482932925,2.714843798602472,1,D012,supercompressible-material-creative,2026-07-07T03:20:58+00:00,1242724.568,0.9998889785470428,0.0319583266973495
2.0,3.0,1.0,0.0,0.3677,0.1896640058606863,0.0113828722834587,0.013518849639222,0.7883474353700876,0.3357528353109956,0.5851808947602808,1,D012,supercompressible-material-creative,2026-07-07T03:21:18+00:00,1262655.493,0.0712160472477466,0.0087808966636657
2.0,3.0,1.0,0.0,0.3677,0.1099720370024442,0.0159675829261541,0.016968665192835,0.4305620064027607,0.296635721437633,1.6162927194049734,1,D012,supercompressible-material-creative,2026-07-07T03:33:10+00:00,1973961.388,0.9992563376741764,0.0395510457456111
2.0,3.0,1.0,0.0,0.3677,0.0143852734938263,0.0096755264401435,0.043379881423898,0.470871733315289,0.1366544539108872,1.3672046231366175,1,D012,supercompressible-material-creative,2026-07-07T03:33:53+00:00,2018006.079,0.9999949799312938,0.0208580940961837
2.0,3.0,1.0,0.0,0.3677,0.143098958581686,0.0196124823242425,0.0370443437527865,0.5985481857322157,0.543661586008966,16.001650185049947,1,D012,supercompressible-material-creative,2026-07-07T03:34:49+00:00,2074139.57,0.9984371796568066,0.0707044750452041
2.0,3.0,1.0,0.0,0.3677,0.1766703300178051,0.0167396347224712,0.031877082218416,0.8564516889862717,0.1010602807626128,4.400315866604722,1,D012,supercompressible-material-creative,2026-07-07T03:35:06+00:00,2090289.224,0.0718692424744347,0.0108672883361577
2.0,3.0,1.0,0.0,0.3677,0.0847152570262551,0.0132241080850362,0.0405406323261559,0.7466705209575593,0.4772449923679232,5.326385428808764,1,D012,supercompressible-material-creative,2026-07-07T03:36:50+00:00,2194182.813,0.7541269134410546,0.0428154505789279
2.0,3.0,1.0,0.0,0.3677,0.1701488118618727,0.0128364346027374,0.0219224338047206,0.6748003625310957,0.4182922286912798,1.9927047701468448,1,D012,supercompressible-material-creative,2026-07-07T03:37:18+00:00,2223821.705,,
2.0,3.0,1.0,0.0,0.3677,0.0683791099116206,0.0173209077268838,0.0155146111221984,0.9174124819226565,0.1944689160212874,1.3694115716808253,1,D012,supercompressible-material-creative,2026-07-07T03:41:50+00:00,2495482.432,0.996692403662871,0.0469626039266586
2.0,3.0,1.0,0.0,0.3677,0.0492865778505802,0.008630696222186,0.0323598262667655,0.9829165953211484,0.5639122880995273,0.8626197915580728,0,D012,supercompressible-material-creative,2026-07-07T03:45:38+00:00,222927.487,,
2.0,3.0,1.0,0.0,0.3677,0.0069646168500185,0.0183997801691293,0.038064105422236,0.8769052840769291,0.5162835912778974,12.037206655926228,1,D012,supercompressible-material-creative,2026-07-07T03:57:24+00:00,928670.6,0.0170105900303527,0.0040974169969558
2.0,3.0,1.0,0.0,0.3677,0.1866421975195408,0.0170849015712738,0.0150664860615506,0.4828762774355709,0.1828693214803934,1.2927201097696106,1,D012,supercompressible-material-creative,2026-07-07T03:59:38+00:00,1063229.445,0.2793877873695148,0.0267599169164896
2.0,3.0,1.0,0.0,0.3677,0.0689951099455356,0.0159023562967777,0.0270484395837411,0.422514150571078,0.4316203258931637,4.5365524978913845,1,D012,supercompressible-material-creative,2026-07-07T03:59:46+00:00,1071453.016,0.4415314094935478,0.0339474976062774
2.0,3.0,1.0,0.0,0.3677,0.0551802409812808,0.0106311067342758,0.0427394529199227,0.5322443549521267,0.1253870906308293,1.7752778972242371,1,D012,supercompressible-material-creative,2026-07-07T04:00:16+00:00,1101531.172,0.5969981758193795,0.0198991894721984
2.0,3.0,1.0,0.0,0.3677,0.0172700541093945,0.0071280380934476,0.0229207681724801,0.7671827489510178,0.1899902947247028,0.2877648695055941,1,D012,supercompressible-material-creative,2026-07-07T04:02:11+00:00,1216399.995,0.1983907457652626,0.0064405621960759
2.0,3.0,1.0,0.0,0.3677,0.1561885671690106,0.0145783429145812,0.0395336605608463,0.3491656675934791,0.5614422474056482,9.2649397538562,1,D012,supercompressible-material-creative,2026-07-07T04:02:55+00:00,1260941.365,0.999992846568632,0.0507981441915035
2.0,3.0,1.0,0.0,0.3677,0.1875726355239749,0.0043249049484729,0.0349915081867948,0.4606455723755061,0.4577806552872061,0.2113492761624054,1,D012,supercompressible-material-creative,2026-07-07T04:17:10+00:00,2115827.985,0.1509087812636668,0.0058990777470171
2.0,3.0,1.0,0.0,0.3677,0.1487199950963258,0.0125817137211561,0.030367043367587,0.8163374537602066,0.0994048213586211,1.9123209135558987,1,D012,supercompressible-material-creative,2026-07-07T04:18:27+00:00,2191526.846,0.0901406759025315,0.0080127622932195
2.0,3.0,1.0,0.0,0.3677,0.088566275127232,0.0164011615812778,0.0277351112384349,0.6495353059843183,0.0600786499679088,3.038289084283361,1,D012,supercompressible-material-creative,2026-07-07T04:21:04+00:00,2350094.738,0.3837816445682313,0.0243063792586326
2.0,3.0,1.0,0.0,0.3677,0.0872444499284029,0.0051255246400833,0.0125279541034251,0.3217575386166572,0.3491260142996907,0.0756474054845318,1,D012,supercompressible-material-creative,2026-07-07T04:32:15+00:00,3019275.633,0.9999999027452824,0.0132564259693026
2.0,3.0,1.0,0.0,0.3677,0.1075210906565189,0.0063272934108972,0.0442092919070273,0.7154529300518333,0.0157106537371873,0.3913726153925101,1,D012,supercompressible-material-creative,2026-07-07T04:33:50+00:00,3115190.848,,
2.0,3.0,1.0,0.0,0.3677,0.1255301253870129,0.0098222019821405,0.0109896973287686,0.8385598219931125,0.3919763971120119,0.3024920069063642,1,D012,supercompressible-material-creative,2026-07-07T04:34:02+00:00,3127990.457,,
2.0,3.0,1.0,0.0,0.3677,0.1182179166004061,0.0190833952873945,0.0244848084170371,0.9557225066237152,0.3278679197654128,5.015714979893384,1,D012,supercompressible-material-creative,2026-07-07T04:34:10+00:00,3135409.142,,
2.0,3.0,1.0,0.0,0.3677,0.1696135748177767,0.011822733670473,0.020357387214899,0.589442934282124,0.2316979816183447,1.1009277930143373,1,D012,supercompressible-material-creative,2026-07-07T04:34:14+00:00,3139087.06,0.9998382168146946,0.0297188628464937
2.0,3.0,1.0,0.0,0.3677,0.0264865709468722,0.013905848160386,0.0166044589877128,0.6551471856422721,0.2948517428711056,1.113660188461689,1,D012,supercompressible-material-creative,2026-07-07T04:34:15+00:00,3140491.087,0.9905197606616056,0.0356294177472591
2.0,3.0,1.0,0.0,0.3677,0.1536223910894544,0.0145685653607549,0.0394659479760171,0.364747634274767,0.544479273546041,8.771347223680536,1,D012,supercompressible-material-creative,2026-07-07T05:16:07+00:00,910428.929,0.2296964915863871,0.0295211635529994
2.0,3.0,1.0,0.0,0.3677,0.0828598216977883,0.0183421460729045,0.0131650465285486,0.3,0.375773622352127,1.2040601961378856,1,D012,supercompressible-material-creative,2026-07-07T05:22:31+00:00,1293587.845,0.6273140589396159,0.0435388162732124
2.0,3.0,1.0,0.0,0.3677,0.0862488163642283,0.0051257452556468,0.0126073637026934,0.3487825190419665,0.3491609561464997,0.0756516496163475,1,D012,supercompressible-material-creative,2026-07-07T05:26:19+00:00,1521075.114,,
2.0,3.0,1.0,0.0,0.3677,0.1423350884830083,0.0148825159534636,0.0373756084532946,0.5745914442721552,0.5334345738451591,7.872440105097511,1,D012,supercompressible-material-creative,2026-07-07T05:26:19+00:00,1522359.404,,
2.0,3.0,1.0,0.0,0.3677,0.1361806559216512,0.01823369139587,0.0385100917727311,0.5710362908351108,0.5159731128281854,13.290498781127209,1,D012,supercompressible-material-creative,2026-07-07T05:26:24+00:00,1527435.84,,
2.0,3.0,1.0,0.0,0.3677,0.0397411149167446,0.0069234570120465,0.0163360808182045,0.6946451963863168,0.2618986022741142,0.1928066642592457,1,D012,supercompressible-material-creative,2026-07-07T05:26:27+00:00,1529489.746,,
2.0,3.0,1.0,0.0,0.3677,0.1148292430201513,0.0184550263846889,0.0390873764443691,0.5850969692795193,0.5164788266603099,13.806160796744948,1,D012,supercompressible-material-creative,2026-07-07T05:26:27+00:00,1528961.288,,
2.0,3.0,1.0,0.0,0.3677,0.0868971898876098,0.0114463808274468,0.0128609867898616,0.3238437540843675,0.3301053110265233,0.4865472713614635,1,D012,supercompressible-material-creative,2026-07-07T05:26:28+00:00,1530888.619,,
2.0,3.0,1.0,0.0,0.3677,0.0863030616632807,0.0118822284832205,0.0129656883882518,0.320154902879273,0.3261634331476957,0.5286490589740396,1,D012,supercompressible-material-creative,2026-07-07T05:26:33+00:00,1534586.093,,
2.0,3.0,1.0,0.0,0.3677,0.0053727311377814,0.0184833205387132,0.0434243320330548,0.4722032869669795,0.1400012886520463,8.12241946904718,1,D012,supercompressible-material-creative,2026-07-07T05:26:33+00:00,1536096.634,,
2.0,3.0,1.0,0.0,0.3677,0.0313617432621371,0.0153735259257066,0.0165656050951447,0.6375868957032621,0.2939254001781151,1.3689447171810891,1,D012,supercompressible-material-creative,2026-07-07T05:26:33+00:00,1535391.418,,
2.0,3.0,1.0,0.0,0.3677,0.1563167555095982,0.0150083716717755,0.0396784804692042,0.3622933610029141,0.5610038105704611,9.966070329823696,1,D012,supercompressible-material-creative,2026-07-07T05:26:39+00:00,1542333.469,,
2.0,3.0,1.0,0.0,0.3677,0.0653174362903218,0.0071562015173454,0.0156273762503052,0.8760730396138633,0.1901017945481354,0.182450982628733,1,D012,supercompressible-material-creative,2026-07-07T05:26:42+00:00,1545012.547,,
2.0,3.0,1.0,0.0,0.3677,0.1553992107411604,0.0149030336435067,0.0395251660404931,0.3432478629007576,0.551166297698178,9.568395178684748,1,D012,supercompressible-material-creative,2026-07-07T05:26:50+00:00,1553710.302,,
2.0,3.0,1.0,0.0,0.3677,0.014441907562796,0.0097950543917154,0.0433625265249384,0.4912042828194987,0.1387850940981936,1.4174551438354988,1,D012,supercompressible-material-creative,2026-07-07T05:26:52+00:00,1554472.015,,
2.0,3.0,1.0,0.0,0.3677,0.016429594711818627,0.010657346956089412,0.04335214522445814,0.4760573961440779,0.12841576507627087,1.776126723587394,1,D012,supercompressible-material-creative,2026-07-07T05:26:59+00:00,1561761.066,,
